Name,Dateiname,Layer,Position X,Position Y,Position Z
HK,OS5P3102.DWG,FEUER,342.59,-1866.32,0.00
HK,OS5P3102.DWG,FEUER,337.65,-1865.65,0.00
HK,OS5P3102.DWG,FEUER,346.67,-1864.75,0.00
HK,OS5P3102.DWG,FEUER,348.26,-1857.11,0.00
HK,OS5P3102.DWG,FEUER,348.97,-1860.77,0.00
HK,OS5P3102.DWG,FEUER,351.59,-1874.43,0.00
HK,OS5P3102.DWG,FEUER,353.32,-1877.59,0.00
HK,OS5P3102.DWG,FEUER,347.93,-1873.00,0.00
HK,OS5P3102.DWG,FEUER,338.92,-1868.96,0.00
HK,OS5P3102.DWG,FEUER,345.08,-1869.63,0.00
HK,OS5P3102.DWG,FEUER,343.06,-1855.72,0.00
HK,OS5P3102.DWG,FEUER,379.57,-1797.45,0.00
HK,OS5P3102.DWG,FEUER,344.20,-1847.93,0.00
HK,OS5P3102.DWG,FEUER,382.01,-1799.34,0.00
HK,OS5P3102.DWG,FEUER,377.57,-1804.47,0.00
HK,OS5P3102.DWG,FEUER,374.82,-1805.08,0.00
HK,OS5P3102.DWG,FEUER,348.98,-1853.03,0.00
HK,OS5P3102.DWG,FEUER,346.48,-1854.15,0.00
HK,OS5P3102.DWG,FEUER,345.16,-1851.50,0.00
HK,OS5P3102.DWG,FEUER,347.20,-1848.34,0.00
HK,OS5P3102.DWG,FEUER,349.54,-1850.33,0.00
HK,OS5P3102.DWG,FEUER,356.38,-1876.32,0.00
HK,OS5P3102.DWG,FEUER,376.60,-1911.76,0.00
HK,OS5P3102.DWG,FEUER,383.66,-1931.63,0.00
HK,OS5P3102.DWG,FEUER,383.02,-1911.10,0.00
HK,OS5P3102.DWG,FEUER,386.70,-1906.52,0.00
HK,OS5P3102.DWG,FEUER,388.52,-1914.02,0.00
HK,OS5P3102.DWG,FEUER,373.93,-1932.13,0.00
HK,OS5P3102.DWG,FEUER,371.10,-1948.12,0.00
HK,OS5P3102.DWG,FEUER,376.57,-1934.88,0.00
HK,OS5P3102.DWG,FEUER,380.04,-1931.12,0.00
HK,OS5P3102.DWG,FEUER,379.11,-1939.58,0.00
HK,OS5P3102.DWG,FEUER,381.96,-1904.02,0.00
HK,OS5P3102.DWG,FEUER,359.98,-1885.24,0.00
HK,OS5P3102.DWG,FEUER,363.81,-1885.04,0.00
HK,OS5P3102.DWG,FEUER,361.72,-1881.68,0.00
HK,OS5P3102.DWG,FEUER,355.51,-1880.35,0.00
HK,OS5P3102.DWG,FEUER,357.59,-1882.90,0.00
HK,OS5P3102.DWG,FEUER,380.14,-1898.36,0.00
HK,OS5P3102.DWG,FEUER,383.65,-1899.03,0.00
HK,OS5P3102.DWG,FEUER,374.40,-1889.44,0.00
HK,OS5P3102.DWG,FEUER,365.18,-1888.87,0.00
HK,OS5P3102.DWG,FEUER,369.91,-1888.06,0.00
HK,OS5P3102.DWG,FEUER,349.41,-1800.05,0.00
HK,OS5P3102.DWG,FEUER,353.95,-1799.19,0.00
HK,OS5P3102.DWG,FEUER,344.47,-1800.55,0.00
HK,OS5P3102.DWG,FEUER,341.47,-1796.63,0.00
HK,OS5P3102.DWG,FEUER,339.59,-1790.92,0.00
HK,OS5P3102.DWG,FEUER,349.91,-1804.03,0.00
HK,OS5P3102.DWG,FEUER,364.59,-1800.84,0.00
HK,OS5P3102.DWG,FEUER,343.70,-1805.55,0.00
HK,OS5P3102.DWG,FEUER,352.16,-1802.86,0.00
HK,OS5P3102.DWG,FEUER,346.55,-1802.19,0.00
HK,OS5P3102.DWG,FEUER,349.93,-1795.37,0.00
HK,OS5P3102.DWG,FEUER,348.37,-1780.69,0.00
HK,OS5P3102.DWG,FEUER,351.83,-1779.12,0.00
HK,OS5P3102.DWG,FEUER,354.49,-1776.98,0.00
HK,OS3P6123.DWG,FEUER,230.02,-1768.08,0.00
HK,OS5P3102.DWG,FEUER,349.60,-1776.92,0.00
HK,OS5P3102.DWG,FEUER,352.17,-1792.26,0.00
HK,OS5P3102.DWG,FEUER,353.29,-1796.19,0.00
HK,OS5P3102.DWG,FEUER,349.48,-1788.39,0.00
HK,OS5P3102.DWG,FEUER,356.42,-1779.89,0.00
HK,OS5P3102.DWG,FEUER,347.34,-1784.41,0.00
HK,OS5P3102.DWG,FEUER,360.52,-1799.56,0.00
HK,OS5P3102.DWG,FEUER,373.36,-1795.40,0.00
HK,OS5P3102.DWG,FEUER,388.62,-1808.01,0.00
HK,OS5P3102.DWG,FEUER,375.76,-1794.49,0.00
HK,OS5P3102.DWG,FEUER,377.13,-1791.84,0.00
HK,OS5P3102.DWG,FEUER,378.20,-1793.73,0.00
HK,OS5P3102.DWG,FEUER,378.43,-1809.62,0.00
HK,OS5P3102.DWG,FEUER,379.10,-1806.97,0.00
HK,OS5P3102.DWG,FEUER,386.58,-1812.33,0.00
HK,OS5P3102.DWG,FEUER,388.62,-1811.01,0.00
HK,OS5P3102.DWG,FEUER,388.41,-1813.96,0.00
HK,OS5P3102.DWG,FEUER,368.73,-1790.10,0.00
HK,OS5P3102.DWG,FEUER,359.15,-1790.64,0.00
HK,OS5P3102.DWG,FEUER,356.15,-1790.99,0.00
HK,OS5P3102.DWG,FEUER,363.13,-1790.85,0.00
HK,OS5P3102.DWG,FEUER,363.83,-1796.56,0.00
HK,OS5P3102.DWG,FEUER,365.57,-1792.64,0.00
HK,OS5P3102.DWG,FEUER,374.80,-1787.51,0.00
HK,OS5P3102.DWG,FEUER,371.79,-1790.86,0.00
HK,OS5P3102.DWG,FEUER,364.00,-1786.73,0.00
HK,OS5P3102.DWG,FEUER,361.50,-1788.35,0.00
HK,OS5P3102.DWG,FEUER,360.74,-1785.86,0.00
HK,OS5P3102.DWG,FEUER,378.39,-1947.83,0.00
HK,OS5P4103.DWG,FEUER,399.62,-1768.44,0.00
HK,OS5P4103.DWG,FEUER,401.79,-1706.18,0.00
HK,OS5P4103.DWG,FEUER,404.01,-1772.23,0.00
HK,OS5P4103.DWG,FEUER,415.11,-1788.15,0.00
HK,OS5P4103.DWG,FEUER,422.04,-1827.49,0.00
HK,OS5P4103.DWG,FEUER,408.47,-1697.05,0.00
HK,OS5P4103.DWG,FEUER,415.72,-1693.20,0.00
HK,OS5P4103.DWG,FEUER,411.53,-1711.02,0.00
HK,OS5P4103.DWG,FEUER,405.48,-1711.76,0.00
HK,OS5P4103.DWG,FEUER,409.02,-1719.73,0.00
HK,OS5P4103.DWG,FEUER,420.87,-1791.13,0.00
HK,OS5P4103.DWG,FEUER,413.62,-1820.40,0.00
HK,OS5P4103.DWG,FEUER,407.99,-1810.46,0.00
HK,OS5P4103.DWG,FEUER,421.49,-1815.99,0.00
HK,OS5P4103.DWG,FEUER,412.50,-1831.44,0.00
HK,OS5P4103.DWG,FEUER,418.45,-1831.21,0.00
HK,OS5P4103.DWG,FEUER,404.35,-1793.44,0.00
HK,OS5P4103.DWG,FEUER,406.19,-1783.51,0.00
HK,OS5P4103.DWG,FEUER,410.01,-1795.14,0.00
HK,OS5P4103.DWG,FEUER,405.02,-1806.15,0.00
HK,OS5P4103.DWG,FEUER,408.58,-1806.95,0.00
HK,OS5P4103.DWG,FEUER,412.66,-1703.03,0.00
HK,OS7P8105.DWG,FEUER,489.90,-1899.54,0.00
HK,OS7P8105.DWG,FEUER,470.51,-1903.07,0.00
HK,OS7P8105.DWG,FEUER,490.56,-1904.04,0.00
HK,OS7P8105.DWG,FEUER,482.48,-1900.51,0.00
HK,OS7P8105.DWG,FEUER,481.97,-1903.02,0.00
HK,OS7P8105.DWG,FEUER,420.85,-1812.10,0.00
HK,OS7P8105.DWG,FEUER,425.58,-1805.61,0.00
HK,OS7P8105.DWG,FEUER,415.57,-1812.86,0.00
HK,OS7P8105.DWG,FEUER,399.54,-1806.85,0.00
HK,OS7P8105.DWG,FEUER,404.51,-1810.66,0.00
HK,OS7P8105.DWG,FEUER,476.09,-1896.01,0.00
HK,OS7P8105.DWG,FEUER,436.58,-1921.66,0.00
HK,OS7P8105.DWG,FEUER,440.06,-1928.68,0.00
HK,OS7P8105.DWG,FEUER,442.09,-1925.41,0.00
HK,OS7P8105.DWG,FEUER,441.10,-1933.93,0.00
HK,OS7P8105.DWG,FEUER,445.37,-1931.11,0.00
HK,OS7P8105.DWG,FEUER,481.71,-1914.01,0.00
HK,OS7P8105.DWG,FEUER,479.06,-1895.71,0.00
HK,OS7P8105.DWG,FEUER,478.13,-1904.40,0.00
HK,OS7P8105.DWG,FEUER,473.73,-1912.02,0.00
HK,OS7P8105.DWG,FEUER,476.75,-1907.98,0.00
HK,OS5P4103.DWG,FEUER,431.34,-1909.32,0.00
HK,OS5P4103.DWG,FEUER,436.83,-1908.94,0.00
HK,OS5P4103.DWG,FEUER,408.89,-1939.73,0.00
HK,OS5P4103.DWG,FEUER,410.42,-1926.91,0.00
HK,OS5P4103.DWG,FEUER,413.14,-1934.02,0.00
HK,OS5P4103.DWG,FEUER,446.41,-1936.72,0.00
HK,OS5P4103.DWG,FEUER,454.39,-1936.03,0.00
HK,OS5P4103.DWG,FEUER,440.80,-1932.78,0.00
HK,OS5P4103.DWG,FEUER,434.44,-1920.14,0.00
HK,OS5P4103.DWG,FEUER,436.24,-1925.02,0.00
HK,OS5P3102.DWG,FEUER,344.57,-1942.48,0.00
HK,OS5P3102.DWG,FEUER,371.87,-1912.72,0.00
HK,OS5P3102.DWG,FEUER,364.43,-1909.80,0.00
HK,OS5P3102.DWG,FEUER,371.24,-1921.38,0.00
HK,OS5P3102.DWG,FEUER,361.04,-1933.64,0.00
HK,OS5P3102.DWG,FEUER,367.66,-1933.70,0.00
HK,OS5P3102.DWG,FEUER,353.50,-1893.69,0.00
HK,OS5P3102.DWG,FEUER,349.22,-1933.98,0.00
HK,OS5P3102.DWG,FEUER,357.72,-1898.64,0.00
HK,OS5P3102.DWG,FEUER,358.52,-1913.92,0.00
HK,OS5P3102.DWG,FEUER,355.11,-1911.27,0.00
HK,OS5P4103.DWG,FEUER,457.81,-1937.44,0.00
HK,OS5P4103.DWG,FEUER,478.76,-1925.45,0.00
HK,OS5P4103.DWG,FEUER,484.05,-1927.00,0.00
HK,OS5P4103.DWG,FEUER,479.09,-1919.65,0.00
HK,OS5P4103.DWG,FEUER,478.04,-1912.68,0.00
HK,OS5P4103.DWG,FEUER,469.93,-1917.04,0.00
HK,OS5P4103.DWG,FEUER,465.35,-1940.20,0.00
HK,OS5P4103.DWG,FEUER,408.05,-1837.06,0.00
HK,OS5P4103.DWG,FEUER,486.82,-1931.36,0.00
HK,OS5P4103.DWG,FEUER,484.41,-1904.16,0.00
HK,OS5P4103.DWG,FEUER,476.13,-1904.56,0.00
HK,OS5P4103.DWG,FEUER,466.09,-1911.36,0.00
HK,OS5P4103.DWG,FEUER,450.04,-1916.47,0.00
HK,OS5P4103.DWG,FEUER,441.77,-1920.82,0.00
HK,OS5P4103.DWG,FEUER,450.83,-1924.24,0.00
HK,OS5P4103.DWG,FEUER,464.15,-1935.17,0.00
HK,OS5P4103.DWG,FEUER,458.75,-1931.07,0.00
HK,OS5P4103.DWG,FEUER,458.47,-1924.92,0.00
HK,OS5P4103.DWG,FEUER,462.56,-1919.06,0.00
HK,OS5P4103.DWG,FEUER,456.41,-1920.40,0.00
HK,OS5P4103.DWG,FEUER,438.98,-1922.11,0.00
HK,OS5P4103.DWG,FEUER,439.76,-1915.34,0.00
HK,ODS5P398.DWG,FEUER,470.58,-1834.57,0.00
HK,ODS5P398.DWG,FEUER,468.19,-1838.10,0.00
HK,ODS5P398.DWG,FEUER,459.09,-1835.08,0.00
HK,ODS5P398.DWG,FEUER,466.21,-1829.94,0.00
HK,ODS5P398.DWG,FEUER,465.09,-1840.11,0.00
HK,ODS5P398.DWG,FEUER,462.80,-1830.82,0.00
HK,ODS5P398.DWG,FEUER,461.74,-1834.30,0.00
HK,ODS5P398.DWG,FEUER,464.80,-1833.42,0.00
HK,ODS5P398.DWG,FEUER,466.29,-1835.92,0.00
HK,ODS5P398.DWG,FEUER,468.27,-1833.35,0.00
HK,ODS5P398.DWG,FEUER,468.72,-1819.35,0.00
HK,ODS5P398.DWG,FEUER,477.08,-1794.89,0.00
HK,ODS5P398.DWG,FEUER,467.99,-1795.45,0.00
HK,ODS5P398.DWG,FEUER,480.27,-1788.69,0.00
HK,ODS5P398.DWG,FEUER,476.65,-1780.18,0.00
HK,ODS5P398.DWG,FEUER,474.44,-1787.85,0.00
HK,ODS5P398.DWG,FEUER,489.14,-1817.01,0.00
HK,ODS5P398.DWG,FEUER,469.02,-1819.40,0.00
HK,ODS5P398.DWG,FEUER,496.70,-1804.86,0.00
HK,ODS5P398.DWG,FEUER,474.90,-1797.51,0.00
HK,ODS5P398.DWG,FEUER,490.81,-1803.51,0.00
HK,ODS5P398.DWG,FEUER,463.39,-1837.77,0.00
HK,ODS5P398.DWG,FEUER,513.39,-1844.58,0.00
HK,ODS5P398.DWG,FEUER,521.03,-1871.77,0.00
HK,ODS5P398.DWG,FEUER,496.69,-1825.81,0.00
HK,ODS5P398.DWG,FEUER,517.75,-1805.22,0.00
HK,ODS5P398.DWG,FEUER,515.56,-1818.82,0.00
HK,ODS5P398.DWG,FEUER,498.23,-1782.89,0.00
HK,ODS5P398.DWG,FEUER,499.67,-1775.06,0.00
HK,ODS5P398.DWG,FEUER,410.50,-1801.80,0.00
HK,ODS5P398.DWG,FEUER,524.15,-1884.12,0.00
HK,ODS5P398.DWG,FEUER,529.93,-1863.76,0.00
HK,ODS5P398.DWG,FEUER,529.74,-1898.30,0.00
HK,ODS5P398.DWG,FEUER,450.60,-1833.59,0.00
HK,ODS5P398.DWG,FEUER,507.41,-1887.32,0.00
HK,ODS5P398.DWG,FEUER,455.39,-1830.40,0.00
HK,ODS5P398.DWG,FEUER,459.87,-1838.60,0.00
HK,ODS5P398.DWG,FEUER,455.14,-1833.36,0.00
HK,ODS5P398.DWG,FEUER,520.54,-1898.19,0.00
HK,ODS5P398.DWG,FEUER,527.58,-1895.19,0.00
HK,ODS5P398.DWG,FEUER,516.54,-1894.38,0.00
HK,ODS5P398.DWG,FEUER,513.10,-1890.15,0.00
HK,ODS5P398.DWG,FEUER,508.87,-1894.16,0.00
HK,ODS5P286.DWG,FEUER,440.38,-1806.06,0.00
HK,ODS5P286.DWG,FEUER,428.36,-1801.57,0.00
HK,ODS5P286.DWG,FEUER,450.76,-1808.57,0.00
HK,ODS5P286.DWG,FEUER,455.03,-1820.79,0.00
HK,ODS5P286.DWG,FEUER,442.62,-1807.29,0.00
HK,ODS5P286.DWG,FEUER,414.31,-1797.95,0.00
HK,ODS5P286.DWG,FEUER,420.73,-1795.77,0.00
HK,ODS5P286.DWG,FEUER,413.96,-1795.30,0.00
HK,ODS5P286.DWG,FEUER,426.74,-1798.67,0.00
HK,ODS5P286.DWG,FEUER,412.28,-1796.07,0.00
HK,ODS5P286.DWG,FEUER,471.53,-1818.35,0.00
HK,ODS5P286.DWG,FEUER,477.99,-1835.57,0.00
HK,ODS5P286.DWG,FEUER,475.75,-1833.94,0.00
HK,ODS5P286.DWG,FEUER,480.58,-1836.95,0.00
HK,ODS2P429.DWG,FEUER,-20.45,-1892.94,0.00
HK,ODS2P429.DWG,FEUER,-18.45,-1890.86,0.00
HK,ODS5P286.DWG,FEUER,501.97,-1832.63,0.00
HK,ODS5P286.DWG,FEUER,476.89,-1825.16,0.00
HK,ODS5P286.DWG,FEUER,493.17,-1825.75,0.00
HK,ODS5P286.DWG,FEUER,476.36,-1825.13,0.00
HK,ODS5P286.DWG,FEUER,486.86,-1817.19,0.00
HK,ODS5P286.DWG,FEUER,416.55,-1796.07,0.00
HK,ODS5P398.DWG,FEUER,418.92,-1789.91,0.00
HK,ODS5P398.DWG,FEUER,424.50,-1791.57,0.00
HK,ODS5P398.DWG,FEUER,417.99,-1786.95,0.00
HK,ODS5P398.DWG,FEUER,413.28,-1786.46,0.00
HK,ODS5P398.DWG,FEUER,411.97,-1789.33,0.00
HK,ODS5P398.DWG,FEUER,472.24,-1775.76,0.00
HK,ODS5P398.DWG,FEUER,471.30,-1781.94,0.00
HK,ODS5P398.DWG,FEUER,428.72,-1787.26,0.00
HK,ODS5P398.DWG,FEUER,426.34,-1792.07,0.00
HK,ODS5P398.DWG,FEUER,430.25,-1788.58,0.00
HK,ODS5P398.DWG,FEUER,411.69,-1783.76,0.00
HK,ODS5P286.DWG,FEUER,410.55,-1785.93,0.00
HK,ODS5P398.DWG,FEUER,398.66,-1794.19,0.00
HK,ODS5P286.DWG,FEUER,408.62,-1784.71,0.00
HK,ODS5P286.DWG,FEUER,418.64,-1795.05,0.00
HK,ODS5P286.DWG,FEUER,415.89,-1793.88,0.00
HK,ODS5P398.DWG,FEUER,398.97,-1785.05,0.00
HK,ODS5P398.DWG,FEUER,408.22,-1786.18,0.00
HK,ODS5P398.DWG,FEUER,411.92,-1800.26,0.00
HK,ODS5P398.DWG,FEUER,402.07,-1792.24,0.00
HK,ODS5P398.DWG,FEUER,406.33,-1795.95,0.00
HK,ODS5P398.DWG,FEUER,498.21,-1769.30,0.00
HK,OS3P6123.DWG,FEUER,211.57,-1806.63,0.00
HK,OS3P6123.DWG,FEUER,213.69,-1806.81,0.00
HK,OS3P6123.DWG,FEUER,210.33,-1800.68,0.00
HK,OS3P3117.DWG,FEUER,326.36,-1813.00,0.00
HK,OS3P6123.DWG,FEUER,209.65,-1798.43,0.00
HK,OS3P6123.DWG,FEUER,223.49,-1802.12,0.00
HK,OS3P6123.DWG,FEUER,206.39,-1789.24,0.00
HK,OS3P6123.DWG,FEUER,226.56,-1800.41,0.00
HK,OS3P6123.DWG,FEUER,216.76,-1806.72,0.00
HK,OS3P6123.DWG,FEUER,223.59,-1798.70,0.00
HK,OS3P3117.DWG,FEUER,327.84,-1804.25,0.00
HK,OS3P3117.DWG,FEUER,332.59,-1872.16,0.00
HK,OS3P3117.DWG,FEUER,330.96,-1866.05,0.00
HK,OS3P3117.DWG,FEUER,334.07,-1883.83,0.00
HK,OS3P3117.DWG,FEUER,322.66,-1853.97,0.00
HK,OS3P3117.DWG,FEUER,327.99,-1856.75,0.00
HK,OS3P3117.DWG,FEUER,335.25,-1821.75,0.00
HK,OS3P3117.DWG,FEUER,338.66,-1809.81,0.00
HK,OS3P3117.DWG,FEUER,337.03,-1833.70,0.00
HK,OS3P3117.DWG,FEUER,332.73,-1847.86,0.00
HK,OS3P3117.DWG,FEUER,327.70,-1841.06,0.00
HK,OS3P6123.DWG,FEUER,208.31,-1785.28,0.00
HK,OS3P6123.DWG,FEUER,264.81,-1798.25,0.00
HK,OS3P6123.DWG,FEUER,272.01,-1796.90,0.00
HK,OS3P6123.DWG,FEUER,243.28,-1794.65,0.00
HK,OS3P6123.DWG,FEUER,249.91,-1790.59,0.00
HK,OS3P6123.DWG,FEUER,246.17,-1792.76,0.00
HK,OS3P6123.DWG,FEUER,258.56,-1783.21,0.00
HK,OS3P6123.DWG,FEUER,229.25,-1762.40,0.00
HK,OS3P6123.DWG,FEUER,261.44,-1778.44,0.00
HK,OS3P6123.DWG,FEUER,268.36,-1801.67,0.00
HK,OS3P6123.DWG,FEUER,268.94,-1795.01,0.00
HK,OS3P6123.DWG,FEUER,244.92,-1789.69,0.00
HK,OS3P6123.DWG,FEUER,227.62,-1785.64,0.00
HK,OS3P6123.DWG,FEUER,224.93,-1783.21,0.00
HK,OS3P6123.DWG,FEUER,221.95,-1785.55,0.00
HK,OS3P6123.DWG,FEUER,212.54,-1783.93,0.00
HK,OS3P6123.DWG,FEUER,216.86,-1784.74,0.00
HK,OS3P6123.DWG,FEUER,210.04,-1787.17,0.00
HK,OS3P6123.DWG,FEUER,241.36,-1792.31,0.00
HK,OS3P6123.DWG,FEUER,210.90,-1781.86,0.00
HK,OS3P6123.DWG,FEUER,219.45,-1782.85,0.00
HK,OS3P6123.DWG,FEUER,215.71,-1781.23,0.00
HK,ODS5P398.DWG,FEUER,469.57,-1697.66,0.00
HK,ODS5P398.DWG,FEUER,484.20,-1713.78,0.00
HK,ODS5P398.DWG,FEUER,431.70,-1727.31,0.00
HK,ODS5P398.DWG,FEUER,455.48,-1710.85,0.00
HK,ODS5P398.DWG,FEUER,445.29,-1705.84,0.00
HK,ODS7P396.DWG,FEUER,458.30,-1922.13,0.00
HK,ODS7P396.DWG,FEUER,455.46,-1915.80,0.00
HK,ODS7P396.DWG,FEUER,460.06,-1926.35,0.00
HK,ODS7P396.DWG,FEUER,460.36,-1934.62,0.00
HK,ODS7P396.DWG,FEUER,456.40,-1928.22,0.00
HK,ODS5P398.DWG,FEUER,464.16,-1721.03,0.00
HK,ODS5P398.DWG,FEUER,499.69,-1778.79,0.00
HK,ODS5P398.DWG,FEUER,429.02,-1744.85,0.00
HK,ODS5P398.DWG,FEUER,501.69,-1781.24,0.00
HK,ODS5P398.DWG,FEUER,505.92,-1779.58,0.00
HK,ODS5P398.DWG,FEUER,504.21,-1783.32,0.00
HK,ODS5P398.DWG,FEUER,467.91,-1735.67,0.00
HK,ODS5P398.DWG,FEUER,472.64,-1732.53,0.00
HK,ODS5P398.DWG,FEUER,450.19,-1738.06,0.00
HK,ODS5P398.DWG,FEUER,437.19,-1742.67,0.00
HK,ODS5P398.DWG,FEUER,440.57,-1733.76,0.00
HK,ODS7P396.DWG,FEUER,462.18,-1922.05,0.00
HK,OS3P1110.DWG,FEUER,374.72,-1884.68,0.00
HK,OS3P1110.DWG,FEUER,350.57,-1873.15,0.00
HK,OS3P1110.DWG,FEUER,367.79,-1884.88,0.00
HK,OS3P1110.DWG,FEUER,371.18,-1915.20,0.00
HK,OS3P1110.DWG,FEUER,344.94,-1908.35,0.00
HK,OS3P1110.DWG,FEUER,343.40,-1793.25,0.00
HK,OS3P1110.DWG,FEUER,345.80,-1786.88,0.00
HK,OS3P1110.DWG,FEUER,357.86,-1801.92,0.00
HK,OS3P1110.DWG,FEUER,356.75,-1862.96,0.00
HK,OS3P1110.DWG,FEUER,357.48,-1836.47,0.00
HK,OS3P1110.DWG,FEUER,367.87,-1909.90,0.00
HK,ODS7P396.DWG,FEUER,467.15,-1915.31,0.00
HK,ODS7P396.DWG,FEUER,470.68,-1914.92,0.00
HK,ODS7P396.DWG,FEUER,466.49,-1928.71,0.00
HK,ODS7P396.DWG,FEUER,454.12,-1922.05,0.00
HK,ODS7P396.DWG,FEUER,446.85,-1923.04,0.00
HK,OS3P1110.DWG,FEUER,346.19,-1946.01,0.00
HK,OS3P1110.DWG,FEUER,359.41,-1916.92,0.00
HK,OS3P1110.DWG,FEUER,352.62,-1930.63,0.00
HK,ODS7P396.DWG,FEUER,470.46,-1915.93,0.00
HK,OS3P1110.DWG,FEUER,355.47,-1934.25,0.00
LB,ODS4P571.DWG,FEUER,-249.80,-1625.48,0.00
LB,ODS4P571.DWG,FEUER,-246.03,-1620.32,0.00
LB,ODS4P571.DWG,FEUER,-246.08,-1625.27,0.00
LB,ODS4P571.DWG,FEUER,-258.94,-1617.48,0.00
LB,ODS4P571.DWG,FEUER,-248.23,-1620.02,0.00
LB,ODS4P571.DWG,FEUER,-236.86,-1617.57,0.00
LB,ODS4P571.DWG,FEUER,-235.99,-1620.68,0.00
LB,ODS4P571.DWG,FEUER,-240.37,-1620.68,0.00
LB,ODS4P571.DWG,FEUER,-252.61,-1624.26,0.00
LB,ODS4P571.DWG,FEUER,-239.10,-1623.18,0.00
LB,ODS4P571.DWG,FEUER,-262.56,-1617.79,0.00
LB,ODS4P571.DWG,FEUER,-241.23,-1638.73,0.00
LB,ODS4P571.DWG,FEUER,-241.95,-1634.45,0.00
LB,ODS4P571.DWG,FEUER,-245.92,-1639.86,0.00
LB,ODS4P571.DWG,FEUER,-317.13,-1683.56,0.00
LB,ODS4P571.DWG,FEUER,-317.44,-1687.02,0.00
LB,ODS4P571.DWG,FEUER,-265.15,-1625.69,0.00
LB,ODS4P571.DWG,FEUER,-266.79,-1618.96,0.00
LB,ODS4P571.DWG,FEUER,-255.87,-1626.04,0.00
LB,ODS4P571.DWG,FEUER,-258.01,-1627.88,0.00
LB,ODS4P571.DWG,FEUER,-259.14,-1624.97,0.00
LB,ODS4P571.DWG,FEUER,-215.24,-1615.87,0.00
LB,ODS4P572.DWG,FEUER,-303.86,-1698.15,0.00
LB,ODS4P572.DWG,FEUER,-244.35,-1738.84,0.00
LB,ODS4P572.DWG,FEUER,-291.83,-1709.23,0.00
LB,ODS4P572.DWG,FEUER,-310.51,-1711.80,0.00
LB,ODS4P572.DWG,FEUER,-299.41,-1713.67,0.00
LB,ODS4P572.DWG,FEUER,-232.70,-1739.79,0.00
LB,ODS4P572.DWG,FEUER,-229.89,-1742.13,0.00
LB,ODS4P572.DWG,FEUER,-228.32,-1738.21,0.00
LB,ODS4P572.DWG,FEUER,-239.93,-1736.19,0.00
LB,ODS4P572.DWG,FEUER,-231.43,-1732.87,0.00
LB,ODS4P571.DWG,FEUER,-329.69,-1582.13,0.00
LB,ODS4P571.DWG,FEUER,-202.68,-1635.14,0.00
LB,ODS4P571.DWG,FEUER,-205.91,-1610.56,0.00
LB,ODS4P571.DWG,FEUER,-204.31,-1637.94,0.00
LB,ODS4P571.DWG,FEUER,-209.68,-1615.46,0.00
LB,ODS4P571.DWG,FEUER,-214.01,-1618.47,0.00
LB,ODS4P571.DWG,FEUER,-219.30,-1559.83,0.00
LB,ODS4P571.DWG,FEUER,-291.35,-1575.02,0.00
LB,ODS4P571.DWG,FEUER,-243.76,-1665.30,0.00
LB,ODS4P571.DWG,FEUER,-215.00,-1584.05,0.00
LB,ODS4P571.DWG,FEUER,-205.72,-1583.33,0.00
LB,ODS4P571.DWG,FEUER,-320.35,-1685.09,0.00
LB,ODS4P571.DWG,FEUER,-292.77,-1637.99,0.00
LB,ODS4P571.DWG,FEUER,-289.47,-1639.47,0.00
LB,ODS4P571.DWG,FEUER,-304.25,-1588.50,0.00
LB,ODS4P571.DWG,FEUER,-303.99,-1617.08,0.00
LB,ODS4P571.DWG,FEUER,-301.88,-1585.90,0.00
LB,ODS4P571.DWG,FEUER,-285.59,-1644.88,0.00
LB,ODS4P571.DWG,FEUER,-290.99,-1653.09,0.00
LB,ODS4P571.DWG,FEUER,-280.65,-1642.28,0.00
LB,ODS4P571.DWG,FEUER,-284.22,-1637.13,0.00
LB,ODS4P571.DWG,FEUER,-285.59,-1640.44,0.00
LB,ODS4P571.DWG,FEUER,-302.54,-1620.05,0.00
LB,ODS4P571.DWG,FEUER,-325.77,-1602.11,0.00
LB,ODS4P571.DWG,FEUER,-323.79,-1604.21,0.00
LB,ODS4P571.DWG,FEUER,-326.83,-1605.20,0.00
LB,ODS4P470.DWG,FEUER,-327.80,-1556.40,0.00
LB,ODS4P571.DWG,FEUER,-327.88,-1608.79,0.00
LB,ODS4P571.DWG,FEUER,-322.07,-1610.77,0.00
LB,ODS4P571.DWG,FEUER,-305.97,-1621.16,0.00
LB,ODS4P571.DWG,FEUER,-321.68,-1607.18,0.00
LB,ODS4P571.DWG,FEUER,-324.45,-1607.92,0.00
LB,ODS4P571.DWG,FEUER,-320.62,-1602.72,0.00
LB,ODS4P571.DWG,FEUER,-287.02,-1650.80,0.00
LB,ODS4P571.DWG,FEUER,-265.44,-1663.33,0.00
LB,ODS4P571.DWG,FEUER,-279.35,-1670.43,0.00
LB,ODS4P571.DWG,FEUER,-267.53,-1661.09,0.00
LB,ODS4P571.DWG,FEUER,-278.04,-1655.43,0.00
LB,ODS4P571.DWG,FEUER,-280.28,-1653.85,0.00
LB,ODS4P571.DWG,FEUER,-283.68,-1681.04,0.00
LB,ODS4P571.DWG,FEUER,-295.82,-1679.21,0.00
LB,ODS4P571.DWG,FEUER,-287.76,-1681.04,0.00
LB,ODS4P571.DWG,FEUER,-281.80,-1671.14,0.00
LB,ODS4P571.DWG,FEUER,-282.82,-1673.49,0.00
LB,ODS4P571.DWG,FEUER,-278.45,-1651.81,0.00
LB,ODS4P571.DWG,FEUER,-277.64,-1643.80,0.00
LB,ODS4P571.DWG,FEUER,-275.09,-1642.02,0.00
LB,ODS4P571.DWG,FEUER,-289.01,-1643.86,0.00
LB,ODS4P571.DWG,FEUER,-289.57,-1649.22,0.00
LB,ODS4P571.DWG,FEUER,-287.48,-1646.87,0.00
LB,ODS4P571.DWG,FEUER,-276.05,-1649.92,0.00
LB,ODS4P571.DWG,FEUER,-278.09,-1647.73,0.00
LB,ODS4P571.DWG,FEUER,-275.34,-1654.56,0.00
LB,ODS4P571.DWG,FEUER,-275.49,-1645.49,0.00
LB,ODS4P571.DWG,FEUER,-274.87,-1659.46,0.00
LB,ODS4P572.DWG,FEUER,-213.32,-1730.30,0.00
LB,ODS4P573.DWG,FEUER,-396.48,-1547.80,0.00
LB,ODS4P573.DWG,FEUER,-391.71,-1552.39,0.00
LB,ODS4P573.DWG,FEUER,-394.03,-1544.82,0.00
LB,ODS4P573.DWG,FEUER,-393.54,-1549.64,0.00
LB,ODS4P573.DWG,FEUER,-391.46,-1547.00,0.00
LB,ODS4P573.DWG,FEUER,-376.53,-1558.01,0.00
LB,ODS4P573.DWG,FEUER,-381.30,-1558.01,0.00
LB,ODS4P573.DWG,FEUER,-374.32,-1553.77,0.00
LB,ODS4P573.DWG,FEUER,-385.83,-1552.96,0.00
LB,ODS4P573.DWG,FEUER,-378.49,-1553.54,0.00
LB,ODS4P573.DWG,FEUER,-389.01,-1549.75,0.00
LB,ODS4P573.DWG,FEUER,-372.24,-1542.06,0.00
LB,ODS4P573.DWG,FEUER,-378.85,-1542.41,0.00
LB,ODS4P573.DWG,FEUER,-375.79,-1539.54,0.00
LB,ODS4P573.DWG,FEUER,-378.36,-1535.52,0.00
LB,ODS4P573.DWG,FEUER,-380.08,-1538.62,0.00
LB,ODS4P573.DWG,FEUER,-373.22,-1549.87,0.00
LB,ODS4P573.DWG,FEUER,-382.53,-1550.44,0.00
LB,ODS4P573.DWG,FEUER,-377.51,-1548.95,0.00
LB,ODS4P573.DWG,FEUER,-375.43,-1545.16,0.00
LB,ODS4P573.DWG,FEUER,-380.20,-1545.74,0.00
LB,ODS4P573.DWG,FEUER,-386.81,-1557.78,0.00
LB,ODS4P573.DWG,FEUER,-418.64,-1551.82,0.00
LB,ODS4P573.DWG,FEUER,-423.90,-1551.47,0.00
LB,ODS4P573.DWG,FEUER,-420.97,-1548.26,0.00
LB,ODS4P573.DWG,FEUER,-404.56,-1549.06,0.00
LB,ODS4P573.DWG,FEUER,-400.89,-1541.95,0.00
LB,ODS4P573.DWG,FEUER,-396.15,-1573.69,0.00
LB,ODS4P573.DWG,FEUER,-417.12,-1576.50,0.00
LB,ODS4P573.DWG,FEUER,-393.26,-1570.58,0.00
LB,ODS4P573.DWG,FEUER,-402.57,-1568.17,0.00
LB,ODS4P573.DWG,FEUER,-397.65,-1569.78,0.00
LB,ODS4P573.DWG,FEUER,-409.46,-1564.21,0.00
LB,ODS4P573.DWG,FEUER,-384.36,-1562.37,0.00
LB,ODS4P573.DWG,FEUER,-380.32,-1562.37,0.00
LB,ODS4P573.DWG,FEUER,-388.16,-1561.68,0.00
LB,ODS4P573.DWG,FEUER,-390.36,-1557.55,0.00
LB,ODS4P573.DWG,FEUER,-392.56,-1562.14,0.00
LB,ODS4P573.DWG,FEUER,-394.28,-1565.93,0.00
LB,ODS4P573.DWG,FEUER,-412.15,-1562.14,0.00
LB,ODS4P573.DWG,FEUER,-389.50,-1566.39,0.00
LB,ODS4P573.DWG,FEUER,-376.90,-1562.37,0.00
LB,ODS4P573.DWG,FEUER,-379.22,-1566.04,0.00
LB,ODS4P573.DWG,FEUER,-383.26,-1535.29,0.00
LB,ODS4P572.DWG,FEUER,-238.15,-1707.12,0.00
LB,ODS4P572.DWG,FEUER,-230.36,-1706.57,0.00
LB,ODS4P572.DWG,FEUER,-240.50,-1705.69,0.00
LB,ODS4P572.DWG,FEUER,-236.02,-1698.72,0.00
LB,ODS4P572.DWG,FEUER,-230.95,-1703.26,0.00
LB,ODS4P573.DWG,FEUER,-362.82,-1505.92,0.00
LB,ODS4P573.DWG,FEUER,-364.04,-1502.25,0.00
LB,ODS4P573.DWG,FEUER,-366.00,-1505.46,0.00
LB,ODS4P572.DWG,FEUER,-232.25,-1709.56,0.00
LB,ODS4P573.DWG,FEUER,-368.94,-1504.54,0.00
LB,ODS4P572.DWG,FEUER,-226.00,-1700.94,0.00
LB,ODS4P572.DWG,FEUER,-214.26,-1713.60,0.00
LB,ODS4P572.DWG,FEUER,-217.93,-1710.30,0.00
LB,ODS4P572.DWG,FEUER,-213.50,-1708.77,0.00
LB,ODS4P572.DWG,FEUER,-208.81,-1715.28,0.00
LB,ODS4P572.DWG,FEUER,-211.21,-1710.19,0.00
LB,ODS4P572.DWG,FEUER,-224.23,-1698.39,0.00
LB,ODS4P572.DWG,FEUER,-227.77,-1698.72,0.00
LB,ODS4P572.DWG,FEUER,-210.32,-1712.76,0.00
LB,ODS4P572.DWG,FEUER,-205.48,-1711.43,0.00
LB,ODS4P572.DWG,FEUER,-203.13,-1709.67,0.00
LB,ODS4P573.DWG,FEUER,-367.59,-1502.13,0.00
LB,ODS4P573.DWG,FEUER,-391.59,-1524.74,0.00
LB,ODS4P573.DWG,FEUER,-386.44,-1525.20,0.00
LB,ODS4P573.DWG,FEUER,-357.43,-1555.14,0.00
LB,ODS4P573.DWG,FEUER,-356.33,-1558.59,0.00
LB,ODS4P573.DWG,FEUER,-361.59,-1552.73,0.00
LB,ODS4P573.DWG,FEUER,-385.71,-1531.51,0.00
LB,ODS4P573.DWG,FEUER,-380.57,-1532.43,0.00
LB,ODS4P573.DWG,FEUER,-383.75,-1528.52,0.00
LB,ODS4P573.DWG,FEUER,-372.73,-1537.47,0.00
LB,ODS4P573.DWG,FEUER,-389.14,-1528.29,0.00
LB,ODS4P573.DWG,FEUER,-360.37,-1555.95,0.00
LB,ODS4P573.DWG,FEUER,-358.41,-1493.53,0.00
LB,ODS4P573.DWG,FEUER,-356.08,-1498.35,0.00
LB,ODS4P573.DWG,FEUER,-371.02,-1495.82,0.00
LB,ODS4P573.DWG,FEUER,-371.14,-1501.22,0.00
LB,ODS4P573.DWG,FEUER,-373.35,-1498.23,0.00
LB,ODS4P573.DWG,FEUER,-357.80,-1515.56,0.00
LB,ODS4P573.DWG,FEUER,-365.51,-1554.23,0.00
LB,ODS4P573.DWG,FEUER,-361.23,-1521.98,0.00
LB,ODS4P573.DWG,FEUER,-359.63,-1516.71,0.00
LB,ODS4P573.DWG,FEUER,-355.96,-1517.74,0.00
LB,ODS4P470.DWG,FEUER,-329.80,-1553.15,0.00
LB,ODS4P468.DWG,FEUER,-297.20,-1572.95,0.00
LB,ODS4P468.DWG,FEUER,-297.78,-1579.54,0.00
LB,ODS4P468.DWG,FEUER,-300.65,-1571.33,0.00
LB,ODS4P468.DWG,FEUER,-299.36,-1573.08,0.00
LB,ODS4P468.DWG,FEUER,-302.51,-1573.62,0.00
LB,ODS4P468.DWG,FEUER,-286.45,-1585.99,0.00
LB,ODS4P468.DWG,FEUER,-264.50,-1572.54,0.00
LB,ODS4P468.DWG,FEUER,-284.87,-1584.11,0.00
LB,ODS4P468.DWG,FEUER,-302.08,-1579.67,0.00
LB,ODS4P468.DWG,FEUER,-288.74,-1584.51,0.00
LB,ODS4P468.DWG,FEUER,-299.64,-1576.85,0.00
LB,ODS4P468.DWG,FEUER,-329.34,-1598.90,0.00
LB,ODS4P468.DWG,FEUER,-327.04,-1597.82,0.00
LB,ODS4P468.DWG,FEUER,-332.64,-1599.44,0.00
LB,ODS4P468.DWG,FEUER,-326.76,-1565.69,0.00
LB,ODS4P468.DWG,FEUER,-336.08,-1599.57,0.00
LB,ODS4P468.DWG,FEUER,-306.24,-1577.52,0.00
LB,ODS4P468.DWG,FEUER,-303.52,-1577.12,0.00
LB,ODS4P468.DWG,FEUER,-330.49,-1592.85,0.00
LB,ODS4P468.DWG,FEUER,-331.35,-1596.88,0.00
LB,ODS4P468.DWG,FEUER,-329.34,-1595.81,0.00
LB,ODS4P468.DWG,FEUER,-261.48,-1572.95,0.00
LB,ODS4P468.DWG,FEUER,-237.38,-1632.24,0.00
LB,ODS4P469.DWG,FEUER,-384.28,-1647.58,0.00
LB,ODS4P468.DWG,FEUER,-233.94,-1633.05,0.00
LB,ODS4P468.DWG,FEUER,-237.10,-1628.88,0.00
LB,ODS4P468.DWG,FEUER,-240.97,-1627.13,0.00
LB,ODS4P469.DWG,FEUER,-385.19,-1637.96,0.00
LB,ODS4P469.DWG,FEUER,-388.21,-1637.40,0.00
LB,ODS4P469.DWG,FEUER,-386.70,-1641.36,0.00
LB,ODS4P469.DWG,FEUER,-386.40,-1646.03,0.00
LB,ODS4P469.DWG,FEUER,-384.28,-1643.90,0.00
LB,ODS4P468.DWG,FEUER,-235.52,-1620.28,0.00
LB,ODS4P468.DWG,FEUER,-220.74,-1594.46,0.00
LB,ODS4P468.DWG,FEUER,-226.05,-1579.27,0.00
LB,ODS4P468.DWG,FEUER,-224.33,-1592.18,0.00
LB,ODS4P468.DWG,FEUER,-263.35,-1576.85,0.00
LB,ODS4P468.DWG,FEUER,-221.89,-1589.89,0.00
LB,ODS4P468.DWG,FEUER,-231.79,-1616.78,0.00
LB,ODS4P468.DWG,FEUER,-231.93,-1620.95,0.00
LB,ODS4P468.DWG,FEUER,-225.91,-1617.86,0.00
LB,ODS4P468.DWG,FEUER,-201.09,-1614.50,0.00
LB,ODS4P468.DWG,FEUER,-202.09,-1611.13,0.00
LB,ODS4P468.DWG,FEUER,-325.89,-1576.85,0.00
LB,ODS4P468.DWG,FEUER,-303.09,-1625.92,0.00
LB,ODS4P468.DWG,FEUER,-303.80,-1629.42,0.00
LB,ODS4P468.DWG,FEUER,-298.50,-1625.25,0.00
LB,ODS4P468.DWG,FEUER,-253.22,-1739.16,0.00
LB,ODS4P468.DWG,FEUER,-301.08,-1622.56,0.00
LB,ODS4P468.DWG,FEUER,-300.93,-1635.34,0.00
LB,ODS4P468.DWG,FEUER,-296.34,-1634.13,0.00
LB,ODS4P468.DWG,FEUER,-292.47,-1628.75,0.00
LB,ODS4P468.DWG,FEUER,-300.36,-1629.42,0.00
LB,ODS4P468.DWG,FEUER,-295.63,-1629.29,0.00
LB,ODS4P468.DWG,FEUER,-253.22,-1735.62,0.00
LB,ODS4P468.DWG,FEUER,-313.52,-1703.63,0.00
LB,ODS4P468.DWG,FEUER,-311.36,-1700.22,0.00
LB,ODS4P468.DWG,FEUER,-306.50,-1701.86,0.00
LB,ODS4P468.DWG,FEUER,-302.86,-1701.86,0.00
LB,ODS4P468.DWG,FEUER,-305.83,-1705.28,0.00
LB,ODS4P468.DWG,FEUER,-323.77,-1692.76,0.00
LB,ODS4P468.DWG,FEUER,-326.06,-1697.06,0.00
LB,ODS4P468.DWG,FEUER,-321.88,-1696.68,0.00
LB,ODS4P468.DWG,FEUER,-316.08,-1699.97,0.00
LB,ODS4P468.DWG,FEUER,-319.86,-1701.36,0.00
LB,ODS4P468.DWG,FEUER,-313.13,-1611.67,0.00
LB,ODS4P468.DWG,FEUER,-311.84,-1602.26,0.00
LB,ODS4P468.DWG,FEUER,-319.30,-1582.76,0.00
LB,ODS4P468.DWG,FEUER,-311.98,-1592.98,0.00
LB,ODS4P468.DWG,FEUER,-310.11,-1595.54,0.00
LB,ODS4P468.DWG,FEUER,-313.27,-1595.54,0.00
LB,ODS4P468.DWG,FEUER,-321.73,-1580.07,0.00
LB,ODS4P468.DWG,FEUER,-323.31,-1577.52,0.00
LB,ODS4P468.DWG,FEUER,-324.60,-1579.94,0.00
LB,ODS4P468.DWG,FEUER,-322.88,-1583.57,0.00
LB,ODS4P468.DWG,FEUER,-325.46,-1583.97,0.00
LB,ODS4P468.DWG,FEUER,-307.68,-1598.50,0.00
LB,ODS4P468.DWG,FEUER,-315.57,-1615.17,0.00
LB,ODS4P468.DWG,FEUER,-316.43,-1612.21,0.00
LB,ODS4P468.DWG,FEUER,-312.41,-1614.76,0.00
LB,ODS4P468.DWG,FEUER,-310.11,-1611.94,0.00
LB,ODS4P468.DWG,FEUER,-310.83,-1616.24,0.00
LB,ODS4P468.DWG,FEUER,-315.14,-1598.76,0.00
LB,ODS4P468.DWG,FEUER,-311.26,-1598.63,0.00
LB,ODS4P468.DWG,FEUER,-313.13,-1618.93,0.00
LB,ODS4P468.DWG,FEUER,-318.72,-1615.30,0.00
LB,ODS4P468.DWG,FEUER,-316.86,-1618.13,0.00
LB,ODS4P469.DWG,FEUER,-382.17,-1634.42,0.00
LB,ODS4P469.DWG,FEUER,-370.67,-1501.31,0.00
LB,ODS4P469.DWG,FEUER,-368.33,-1503.51,0.00
LB,ODS4P469.DWG,FEUER,-372.73,-1498.84,0.00
LB,ODS4P469.DWG,FEUER,-414.30,-1520.00,0.00
LB,ODS4P469.DWG,FEUER,-416.35,-1518.56,0.00
LB,ODS4P470.DWG,FEUER,-369.93,-1487.17,0.00
LB,ODS4P470.DWG,FEUER,-367.67,-1485.42,0.00
LB,ODS4P470.DWG,FEUER,-367.40,-1489.67,0.00
LB,ODS4P470.DWG,FEUER,-368.20,-1493.17,0.00
LB,ODS4P470.DWG,FEUER,-369.67,-1490.04,0.00
LB,ODS4P469.DWG,FEUER,-412.17,-1514.02,0.00
LB,ODS4P469.DWG,FEUER,-376.73,-1620.98,0.00
LB,ODS4P469.DWG,FEUER,-377.19,-1616.59,0.00
LB,ODS4P469.DWG,FEUER,-374.92,-1618.86,0.00
LB,ODS4P469.DWG,FEUER,-372.20,-1615.89,0.00
LB,ODS4P469.DWG,FEUER,-368.13,-1616.03,0.00
LB,ODS4P469.DWG,FEUER,-409.60,-1516.22,0.00
LB,ODS4P469.DWG,FEUER,-409.90,-1512.10,0.00
LB,ODS4P469.DWG,FEUER,-408.80,-1521.17,0.00
LB,ODS4P469.DWG,FEUER,-412.46,-1522.20,0.00
LB,ODS4P469.DWG,FEUER,-412.24,-1518.77,0.00
LB,ODS4P470.DWG,FEUER,-370.73,-1483.05,0.00
LB,ODS4P470.DWG,FEUER,-295.94,-1556.03,0.00
LB,ODS4P470.DWG,FEUER,-298.07,-1554.15,0.00
LB,ODS4P470.DWG,FEUER,-295.14,-1553.15,0.00
LB,ODS4P470.DWG,FEUER,-323.67,-1482.42,0.00
LB,ODS4P470.DWG,FEUER,-321.67,-1486.42,0.00
LB,ODS4P470.DWG,FEUER,-328.07,-1550.65,0.00
LB,ODS4P470.DWG,FEUER,-326.34,-1553.03,0.00
LB,ODS4P470.DWG,FEUER,-302.07,-1557.03,0.00
LB,ODS4P470.DWG,FEUER,-299.14,-1557.15,0.00
LB,ODS4P470.DWG,FEUER,-293.00,-1555.53,0.00
LB,ODS4P470.DWG,FEUER,-320.74,-1482.42,0.00
LB,ODS4P470.DWG,FEUER,-366.73,-1476.05,0.00
LB,ODS4P470.DWG,FEUER,-365.00,-1479.42,0.00
LB,ODS4P470.DWG,FEUER,-372.07,-1475.92,0.00
LB,ODS4P470.DWG,FEUER,-367.00,-1481.42,0.00
LB,ODS4P470.DWG,FEUER,-370.20,-1478.80,0.00
LB,ODS4P470.DWG,FEUER,-321.80,-1478.67,0.00
LB,ODS4P470.DWG,FEUER,-319.14,-1479.42,0.00
LB,ODS4P470.DWG,FEUER,-380.60,-1464.93,0.00
LB,ODS4P470.DWG,FEUER,-371.67,-1472.17,0.00
LB,ODS4P470.DWG,FEUER,-374.07,-1462.30,0.00
LB,ODS4P469.DWG,FEUER,-374.17,-1612.63,0.00
LB,ODS4P469.DWG,FEUER,-398.93,-1613.34,0.00
LB,ODS4P469.DWG,FEUER,-400.74,-1611.08,0.00
LB,ODS4P469.DWG,FEUER,-402.55,-1613.20,0.00
LB,ODS4P469.DWG,FEUER,-402.25,-1618.29,0.00
LB,ODS4P469.DWG,FEUER,-405.72,-1618.29,0.00
LB,ODS4P469.DWG,FEUER,-417.04,-1589.57,0.00
LB,ODS4P469.DWG,FEUER,-417.95,-1592.96,0.00
LB,ODS4P469.DWG,FEUER,-414.93,-1593.39,0.00
LB,ODS4P469.DWG,FEUER,-412.06,-1595.37,0.00
LB,ODS4P469.DWG,FEUER,-412.21,-1591.41,0.00
LB,ODS4P469.DWG,FEUER,-398.47,-1617.58,0.00
LB,ODS4P469.DWG,FEUER,-393.64,-1622.96,0.00
LB,ODS4P469.DWG,FEUER,-394.70,-1625.65,0.00
LB,ODS4P469.DWG,FEUER,-392.59,-1626.78,0.00
LB,ODS4P469.DWG,FEUER,-383.53,-1631.17,0.00
LB,ODS4P469.DWG,FEUER,-385.49,-1626.92,0.00
LB,ODS4P469.DWG,FEUER,-394.25,-1615.46,0.00
LB,ODS4P469.DWG,FEUER,-395.45,-1617.87,0.00
LB,ODS4P469.DWG,FEUER,-396.81,-1615.32,0.00
LB,ODS4P469.DWG,FEUER,-404.66,-1615.46,0.00
LB,ODS4P469.DWG,FEUER,-401.19,-1615.60,0.00
LB,ODS4P469.DWG,FEUER,-418.86,-1585.32,0.00
LB,ODS4P469.DWG,FEUER,-340.95,-1590.42,0.00
LB,ODS4P469.DWG,FEUER,-334.76,-1601.45,0.00
LB,ODS4P469.DWG,FEUER,-345.94,-1597.63,0.00
LB,ODS4P469.DWG,FEUER,-345.48,-1591.55,0.00
LB,ODS4P469.DWG,FEUER,-342.61,-1588.86,0.00
LB,ODS4P469.DWG,FEUER,-366.62,-1612.77,0.00
LB,ODS4P469.DWG,FEUER,-370.09,-1612.91,0.00
LB,ODS4P469.DWG,FEUER,-331.74,-1593.53,0.00
LB,ODS4P469.DWG,FEUER,-337.33,-1604.28,0.00
LB,ODS4P469.DWG,FEUER,-332.20,-1596.50,0.00
LB,ODS4P469.DWG,FEUER,-347.60,-1595.37,0.00
LB,ODS4P469.DWG,FEUER,-401.64,-1582.21,0.00
LB,ODS4P469.DWG,FEUER,-398.78,-1583.06,0.00
LB,ODS4P469.DWG,FEUER,-403.61,-1583.62,0.00
LB,ODS4P469.DWG,FEUER,-416.74,-1581.92,0.00
LB,ODS4P469.DWG,FEUER,-412.51,-1576.55,0.00
LB,ODS4P469.DWG,FEUER,-395.15,-1590.13,0.00
LB,ODS4P469.DWG,FEUER,-390.02,-1591.41,0.00
LB,ODS4P469.DWG,FEUER,-391.53,-1587.59,0.00
LB,ODS4P469.DWG,FEUER,-400.13,-1585.46,0.00
LB,ODS4P469.DWG,FEUER,-396.36,-1585.75,0.00
LB,ODS4P573.DWG,FEUER,-419.79,-1578.70,0.00
LB,OS6P4147.DWG,FEUER,-792.20,-1313.39,0.00
LB,OS6P4147.DWG,FEUER,-780.21,-1300.56,0.00
LB,OS6P4147.DWG,FEUER,-794.59,-1319.49,0.00
LB,OS6P4147.DWG,FEUER,-838.45,-1212.23,0.00
LB,OS6P4147.DWG,FEUER,-796.82,-1325.19,0.00
LB,OS6P4147.DWG,FEUER,-765.57,-1293.84,0.00
LB,OS6P4147.DWG,FEUER,-773.02,-1327.71,0.00
LB,OS6P4147.DWG,FEUER,-768.47,-1297.61,0.00
LB,OS6P4147.DWG,FEUER,-772.53,-1302.39,0.00
LB,OS6P4147.DWG,FEUER,-773.25,-1297.36,0.00
LB,OS6P4147.DWG,FEUER,-818.84,-1250.10,0.00
LB,OS6P4147.DWG,FEUER,-844.41,-1267.66,0.00
LB,OS6P4147.DWG,FEUER,-829.01,-1246.90,0.00
LB,OS6P4147.DWG,FEUER,-850.61,-1266.85,0.00
LB,OS6P4147.DWG,FEUER,-844.27,-1248.08,0.00
LB,OS6P4147.DWG,FEUER,-849.76,-1254.75,0.00
LB,OS6P4147.DWG,FEUER,-815.04,-1240.13,0.00
LB,OS6P4147.DWG,FEUER,-808.33,-1231.38,0.00
LB,OS6P4147.DWG,FEUER,-828.07,-1215.78,0.00
LB,OS6P4147.DWG,FEUER,-828.82,-1239.99,0.00
LB,OS6P4147.DWG,FEUER,-827.40,-1225.60,0.00
LB,OS6P4147.DWG,FEUER,-773.69,-1323.29,0.00
LB,OS8P3138.DWG,FEUER,-1050.07,-1176.17,0.00
LB,OS8P3138.DWG,FEUER,-1051.09,-1172.77,0.00
LB,OS8P3138.DWG,FEUER,-1049.06,-1179.42,0.00
LB,OS6P4147.DWG,FEUER,-724.51,-1266.25,0.00
LB,OS6P4147.DWG,STEINE,-803.79,-1099.59,0.00
LB,OS8P3138.DWG,FEUER,-1096.49,-1177.81,0.00
LB,OS8P3138.DWG,FEUER,-1094.00,-1176.75,0.00
LB,OS8P3138.DWG,FEUER,-1078.97,-1172.14,0.00
LB,OS8P3138.DWG,FEUER,-1074.45,-1176.86,0.00
LB,OS8P3138.DWG,FEUER,-1077.29,-1174.47,0.00
LB,OS6P4147.DWG,FEUER,-733.66,-1269.46,0.00
LB,OS6P4147.DWG,FEUER,-768.81,-1317.69,0.00
LB,OS6P4147.DWG,FEUER,-770.59,-1313.68,0.00
LB,OS6P4147.DWG,FEUER,-772.57,-1319.07,0.00
LB,OS6P4147.DWG,FEUER,-771.50,-1325.07,0.00
LB,OS6P4147.DWG,FEUER,-770.38,-1321.41,0.00
LB,OS6P4147.DWG,FEUER,-755.58,-1254.89,0.00
LB,OS6P4147.DWG,FEUER,-736.26,-1263.01,0.00
LB,OS6P4147.DWG,FEUER,-764.69,-1254.23,0.00
LB,OS6P4147.DWG,FEUER,-760.60,-1277.47,0.00
LB,OS6P4147.DWG,FEUER,-754.96,-1274.11,0.00
LB,OS6P4147.DWG,FEUER,-834.66,-1250.67,0.00
LB,OS6P2144.DWG,FEUER,-509.44,-1394.00,0.00
LB,OS6P2144.DWG,FEUER,-508.42,-1390.94,0.00
LB,OS6P2144.DWG,FEUER,-500.52,-1400.06,0.00
LB,OS6P2144.DWG,FEUER,-706.88,-1265.04,0.00
LB,OS6P2144.DWG,FEUER,-708.61,-1269.57,0.00
LB,OS6P3146.DWG,STEINE,-803.21,-1088.97,0.00
LB,OS6P4147.DWG,FEUER,-891.68,-1212.67,0.00
LB,OS6P2144.DWG,FEUER,-515.04,-1388.25,0.00
LB,OS6P2144.DWG,FEUER,-511.42,-1390.39,0.00
LB,OS6P2144.DWG,FEUER,-513.05,-1393.24,0.00
LB,OS6P2144.DWG,FEUER,-735.89,-1299.87,0.00
LB,OS6P2144.DWG,FEUER,-768.54,-1258.74,0.00
LB,OS6P2144.DWG,FEUER,-769.00,-1262.82,0.00
LB,OS6P2144.DWG,FEUER,-771.95,-1259.61,0.00
LB,OS6P2144.DWG,FEUER,-773.38,-1255.89,0.00
LB,OS6P2144.DWG,FEUER,-777.86,-1260.17,0.00
LB,OS6P2144.DWG,FEUER,-742.82,-1299.62,0.00
LB,OS6P2144.DWG,FEUER,-741.59,-1302.98,0.00
LB,OS6P2144.DWG,FEUER,-749.84,-1299.42,0.00
LB,OS6P2144.DWG,FEUER,-772.97,-1263.02,0.00
LB,OS6P2144.DWG,FEUER,-776.69,-1262.97,0.00
LB,OS6P4147.DWG,FEUER,-889.85,-1221.83,0.00
LB,OS6P4147.DWG,FEUER,-857.87,-1289.03,0.00
LB,OS6P4147.DWG,FEUER,-850.24,-1291.00,0.00
LB,OS6P4147.DWG,FEUER,-856.19,-1282.31,0.00
LB,OS6P4147.DWG,FEUER,-865.55,-1275.50,0.00
LB,OS6P4147.DWG,FEUER,-862.41,-1264.01,0.00
LB,OS6P4147.DWG,FEUER,-836.02,-1265.42,0.00
LB,OS6P4147.DWG,FEUER,-841.46,-1259.57,0.00
LB,OS6P4147.DWG,FEUER,-833.37,-1271.67,0.00
LB,OS6P4147.DWG,FEUER,-852.78,-1296.90,0.00
LB,OS6P4147.DWG,FEUER,-842.21,-1275.49,0.00
LB,OS6P4147.DWG,FEUER,-863.77,-1283.49,0.00
LB,OS6P4147.DWG,FEUER,-871.14,-1215.00,0.00
LB,OS6P4147.DWG,FEUER,-854.04,-1229.28,0.00
LB,OS6P4147.DWG,FEUER,-869.91,-1224.25,0.00
LB,OS6P4147.DWG,FEUER,-882.52,-1223.70,0.00
LB,OS6P4147.DWG,FEUER,-873.42,-1220.95,0.00
LB,OS6P4147.DWG,FEUER,-873.84,-1276.63,0.00
LB,OS6P4147.DWG,FEUER,-873.38,-1286.49,0.00
LB,OS6P4147.DWG,FEUER,-869.53,-1264.73,0.00
LB,OS6P4147.DWG,FEUER,-854.89,-1248.95,0.00
LB,OS6P4147.DWG,FEUER,-861.09,-1259.03,0.00
LB,OS8P3138.DWG,FEUER,-1092.07,-1173.95,0.00
LB,OS8P3138.DWG,FEUER,-1130.17,-1069.36,0.00
LB,OS8P3138.DWG,FEUER,-1144.22,-1051.52,0.00
LB,OS8P3138.DWG,FEUER,-1129.35,-1063.52,0.00
LB,OS8P3138.DWG,FEUER,-1133.41,-1060.37,0.00
LB,OS8P3138.DWG,FEUER,-1129.96,-1059.00,0.00
LB,OS8P3138.DWG,FEUER,-1141.48,-1049.95,0.00
LB,OS8P3138.DWG,FEUER,-1139.20,-1054.12,0.00
LB,OS8P3138.DWG,FEUER,-1137.52,-1049.95,0.00
LB,OS8P3138.DWG,FEUER,-1144.73,-1046.70,0.00
LB,OS8P3138.DWG,FEUER,-1139.75,-1046.65,0.00
LB,OS8P3138.DWG,FEUER,-1132.61,-1065.09,0.00
LB,OS8P3138.DWG,FEUER,-1118.55,-1078.36,0.00
LB,OS8P3138.DWG,FEUER,-1117.99,-1074.09,0.00
LB,OS8P3138.DWG,FEUER,-1106.51,-1074.96,0.00
LB,OS8P3138.DWG,FEUER,-1111.13,-1074.15,0.00
LB,OS8P3138.DWG,FEUER,-1113.93,-1077.09,0.00
LB,OS8P3138.DWG,FEUER,-1136.77,-1069.61,0.00
LB,OS8P3138.DWG,FEUER,-1133.57,-1069.56,0.00
LB,OS8P3138.DWG,FEUER,-1135.27,-1089.77,0.00
LB,OS8P3138.DWG,FEUER,-1116.56,-1070.94,0.00
LB,OS8P3138.DWG,FEUER,-1135.42,-1094.44,0.00
LB,OS8P3138.DWG,FEUER,-1142.91,-1054.21,0.00
LB,OS8P3138.DWG,FEUER,-1141.95,-1126.94,0.00
LB,OS8P3138.DWG,FEUER,-1155.61,-1125.81,0.00
LB,OS8P3138.DWG,FEUER,-1145.46,-1127.95,0.00
LB,OS8P3138.DWG,FEUER,-1142.21,-1130.80,0.00
LB,OS8P3138.DWG,FEUER,-1139.16,-1129.12,0.00
LB,OS8P4132.DWG,FEUER,-1284.83,-1066.09,0.00
LB,OS8P4132.DWG,FEUER,-1285.66,-1069.80,0.00
LB,OS8P4132.DWG,FEUER,-1288.13,-1067.02,0.00
LB,OS8P3138.DWG,FEUER,-1156.17,-1122.76,0.00
LB,OS8P3138.DWG,FEUER,-1154.18,-1116.77,0.00
LB,OS8P3138.DWG,FEUER,-1152.84,-1093.46,0.00
LB,OS8P3138.DWG,FEUER,-1153.30,-1090.31,0.00
LB,OS8P3138.DWG,FEUER,-1157.67,-1098.49,0.00
LB,OS8P3138.DWG,FEUER,-1150.05,-1091.53,0.00
LB,OS8P3138.DWG,FEUER,-1096.80,-1000.52,0.00
LB,OS8P3138.DWG,FEUER,-1146.44,-1092.55,0.00
LB,OS8P3138.DWG,FEUER,-1153.15,-1100.27,0.00
LB,OS8P3138.DWG,FEUER,-1155.13,-1096.10,0.00
LB,OS8P3138.DWG,FEUER,-1149.03,-1094.18,0.00
LB,OS8P3138.DWG,FEUER,-1156.15,-1102.25,0.00
LB,OS8P3138.DWG,FEUER,-1151.37,-1096.26,0.00
LB,OS8P3138.DWG,FEUER,-1112.45,-1070.69,0.00
LB,OS8P3138.DWG,FEUER,-1119.93,-1146.41,0.00
LB,OS8P3138.DWG,FEUER,-1119.52,-1143.72,0.00
LB,OS8P3138.DWG,FEUER,-1120.34,-1149.10,0.00
LB,OS8P3138.DWG,FEUER,-1125.37,-1153.11,0.00
LB,OS8P3138.DWG,FEUER,-1128.31,-1152.54,0.00
LB,OS8P3138.DWG,FEUER,-1116.41,-1129.70,0.00
LB,OS8P3138.DWG,FEUER,-1120.62,-1129.04,0.00
LB,OS8P3138.DWG,FEUER,-1117.22,-1133.26,0.00
LB,OS8P3138.DWG,FEUER,-1109.20,-1134.43,0.00
LB,OS8P3138.DWG,FEUER,-1108.44,-1131.69,0.00
LB,OS8P3138.DWG,FEUER,-1127.35,-1155.44,0.00
LB,OS8P3138.DWG,FEUER,-1102.98,-1159.98,0.00
LB,OS8P3138.DWG,FEUER,-1106.38,-1160.03,0.00
LB,OS8P3138.DWG,FEUER,-1100.33,-1157.44,0.00
LB,OS8P3138.DWG,FEUER,-1101.26,-1176.08,0.00
LB,OS8P3138.DWG,FEUER,-1100.70,-1172.98,0.00
LB,OS8P3138.DWG,FEUER,-1106.12,-1151.34,0.00
LB,OS8P3138.DWG,FEUER,-1124.66,-1156.91,0.00
LB,OS8P3138.DWG,FEUER,-1107.74,-1153.58,0.00
LB,OS8P3138.DWG,FEUER,-1104.85,-1157.64,0.00
LB,OS8P3138.DWG,FEUER,-1102.87,-1156.07,0.00
LB,OS8P3138.DWG,FEUER,-1100.30,-1120.78,0.00
LB,OS8P3138.DWG,FEUER,-1097.27,-1079.54,0.00
LB,OS8P3138.DWG,FEUER,-1099.86,-1078.07,0.00
LB,OS8P3138.DWG,FEUER,-1102.31,-1088.73,0.00
LB,OS8P3138.DWG,FEUER,-1104.70,-1094.06,0.00
LB,OS8P3138.DWG,FEUER,-1109.42,-1092.13,0.00
LB,OS8P3138.DWG,FEUER,-1104.22,-1071.97,0.00
LB,OS8P3138.DWG,FEUER,-1107.83,-1070.55,0.00
LB,OS8P3138.DWG,FEUER,-1090.37,-1079.04,0.00
LB,OS8P3138.DWG,FEUER,-1096.41,-1076.55,0.00
LB,OS8P3138.DWG,FEUER,-1093.46,-1075.28,0.00
LB,OS8P3138.DWG,FEUER,-1128.47,-1105.06,0.00
LB,OS8P3138.DWG,FEUER,-1109.03,-1113.56,0.00
LB,OS8P3138.DWG,FEUER,-1109.09,-1118.69,0.00
LB,OS8P3138.DWG,FEUER,-1105.78,-1116.30,0.00
LB,OS8P3138.DWG,FEUER,-1104.31,-1120.62,0.00
LB,OS8P3138.DWG,FEUER,-1100.96,-1118.03,0.00
LB,OS8P3138.DWG,FEUER,-1123.65,-1100.49,0.00
LB,OS8P3138.DWG,FEUER,-1124.16,-1104.86,0.00
LB,OS8P3138.DWG,FEUER,-1113.49,-1102.89,0.00
LB,OS8P3138.DWG,FEUER,-1107.35,-1105.38,0.00
LB,OS8P3138.DWG,FEUER,-1110.55,-1106.55,0.00
LB,OS6P1142.DWG,FEUER,-758.96,-1273.87,0.00
LB,ODS4P632.DWG,FEUER,-247.90,-1764.34,0.00
LB,ODS4P632.DWG,FEUER,-252.95,-1771.51,0.00
LB,ODS4P632.DWG,FEUER,-237.74,-1764.96,0.00
LB,ODS4P632.DWG,FEUER,-234.55,-1768.30,0.00
LB,ODS4P632.DWG,FEUER,-239.56,-1769.80,0.00
LB,ODS4P632.DWG,FEUER,-261.40,-1775.64,0.00
LB,ODS4P632.DWG,FEUER,-264.60,-1773.37,0.00
LB,ODS4P632.DWG,FEUER,-260.75,-1779.27,0.00
LB,ODS4P632.DWG,FEUER,-256.54,-1774.65,0.00
LB,ODS4P632.DWG,FEUER,-265.64,-1776.53,0.00
LB,ODS4P632.DWG,FEUER,-231.66,-1763.62,0.00
LB,ODS4P632.DWG,FEUER,-261.29,-1757.77,0.00
LB,ODS4P632.DWG,FEUER,-255.51,-1756.43,0.00
LB,ODS4P632.DWG,FEUER,-267.50,-1771.88,0.00
LB,ODS4P632.DWG,FEUER,-260.27,-1784.33,0.00
LB,ODS4P632.DWG,FEUER,-264.36,-1785.22,0.00
LB,ODS4P632.DWG,FEUER,-236.03,-1760.17,0.00
LB,ODS4P632.DWG,FEUER,-232.52,-1754.78,0.00
LB,ODS4P632.DWG,FEUER,-242.88,-1761.15,0.00
LB,ODS4P632.DWG,FEUER,-254.98,-1762.20,0.00
LB,ODS4P632.DWG,FEUER,-252.56,-1766.76,0.00
LB,ODS4P632.DWG,FEUER,-259.23,-1771.57,0.00
LB,ODS4P632.DWG,FEUER,-207.59,-1735.53,0.00
LB,ODS4P632.DWG,FEUER,-202.39,-1735.56,0.00
LB,ODS4P632.DWG,FEUER,-216.94,-1735.88,0.00
LB,ODS4P632.DWG,FEUER,-209.87,-1732.45,0.00
LB,ODS4P632.DWG,FEUER,-221.49,-1736.62,0.00
LB,ODS4P632.DWG,FEUER,-225.71,-1743.08,0.00
LB,ODS4P632.DWG,FEUER,-212.90,-1742.90,0.00
LB,ODS4P632.DWG,FEUER,-216.93,-1742.88,0.00
LB,ODS4P632.DWG,FEUER,-209.66,-1739.19,0.00
LB,ODS4P632.DWG,FEUER,-219.06,-1739.55,0.00
LB,ODS4P632.DWG,FEUER,-215.08,-1732.73,0.00
LB,ODS4P632.DWG,FEUER,-256.61,-1768.83,0.00
LB,ODS4P632.DWG,FEUER,-262.95,-1761.95,0.00
LB,ODS4P632.DWG,FEUER,-259.04,-1766.52,0.00
LB,ODS4P632.DWG,FEUER,-263.45,-1769.20,0.00
LB,ODS4P632.DWG,FEUER,-266.09,-1765.91,0.00
LB,ODS4P632.DWG,FEUER,-200.26,-1754.72,0.00
LB,ODS4P632.DWG,FEUER,-219.37,-1733.26,0.00
LB,ODS4P632.DWG,FEUER,-224.74,-1750.64,0.00
LB,ODS4P632.DWG,FEUER,-259.12,-1762.64,0.00
LB,ODS4P632.DWG,FEUER,-223.25,-1732.83,0.00
LB,ODS4P632.DWG,FEUER,-264.90,-1780.21,0.00
LB,ODS4P573.DWG,FEUER,-424.71,-1595.95,0.00
LB,ODS4P573.DWG,FEUER,-428.03,-1595.75,0.00
LB,ODS4P573.DWG,FEUER,-426.43,-1592.24,0.00
LB,ODS4P573.DWG,FEUER,-420.75,-1600.26,0.00
LB,ODS4P573.DWG,FEUER,-417.33,-1601.37,0.00
LB,ODS4P573.DWG,FEUER,-380.96,-1583.82,0.00
LB,ODS4P573.DWG,FEUER,-360.42,-1587.23,0.00
LB,ODS4P573.DWG,FEUER,-380.31,-1580.31,0.00
LB,ODS4P573.DWG,FEUER,-428.78,-1590.54,0.00
LB,ODS4P573.DWG,FEUER,-383.31,-1580.91,0.00
LB,ODS4P573.DWG,FEUER,-420.65,-1595.95,0.00
LB,ODS4P573.DWG,FEUER,-417.55,-1583.92,0.00
LB,ODS4P573.DWG,FEUER,-412.41,-1584.52,0.00
LB,ODS4P573.DWG,FEUER,-421.18,-1582.92,0.00
LB,ODS4P573.DWG,FEUER,-422.68,-1580.11,0.00
LB,ODS4P573.DWG,FEUER,-425.89,-1581.01,0.00
LB,ODS4P573.DWG,FEUER,-414.55,-1588.43,0.00
LB,ODS4P573.DWG,FEUER,-416.90,-1592.24,0.00
LB,ODS4P573.DWG,FEUER,-400.43,-1582.01,0.00
LB,ODS4P573.DWG,FEUER,-409.20,-1584.72,0.00
LB,ODS4P573.DWG,FEUER,-405.67,-1582.82,0.00
LB,ODS4P573.DWG,FEUER,-357.21,-1587.43,0.00
LB,ODS4P573.DWG,FEUER,-326.93,-1625.13,0.00
LB,ODS4P573.DWG,FEUER,-322.22,-1625.13,0.00
LB,ODS4P573.DWG,FEUER,-330.14,-1625.33,0.00
LB,ODS4P573.DWG,FEUER,-333.35,-1595.05,0.00
LB,ODS4P573.DWG,FEUER,-331.85,-1623.73,0.00
LB,ODS4P632.DWG,KNOCHENSCHRAFF,-241.86,-1767.25,0.00
LB,ODS4P632.DWG,FEUER,-268.74,-1783.10,0.00
LB,ODS4P573.DWG,FEUER,-325.65,-1630.15,0.00
LB,ODS4P573.DWG,FEUER,-324.47,-1627.64,0.00
LB,ODS4P573.DWG,FEUER,-328.21,-1628.24,0.00
LB,ODS4P573.DWG,FEUER,-334.42,-1590.34,0.00
LB,ODS4P573.DWG,FEUER,-337.74,-1591.74,0.00
LB,ODS4P573.DWG,FEUER,-336.67,-1595.35,0.00
LB,ODS4P573.DWG,FEUER,-335.70,-1586.73,0.00
LB,ODS4P573.DWG,FEUER,-359.35,-1584.82,0.00
LB,ODS4P573.DWG,FEUER,-355.71,-1585.52,0.00
LB,ODS4P573.DWG,FEUER,-329.71,-1592.04,0.00
LB,ODS4P573.DWG,FEUER,-331.42,-1588.63,0.00
LB,ODS4P573.DWG,FEUER,-328.64,-1597.66,0.00
LB,ODS4P573.DWG,FEUER,-334.63,-1598.16,0.00
LB,ODS4P573.DWG,FEUER,-331.42,-1599.56,0.00
LB,ODS4P632.DWG,FEUER,-207.49,-1743.34,0.00
LB,ODS4P633.DWG,FEUER,-375.90,-1578.02,0.00
LB,ODS4P633.DWG,FEUER,-365.02,-1594.62,0.00
LB,ODS4P633.DWG,FEUER,-384.70,-1573.99,0.00
LB,ODS4P633.DWG,FEUER,-383.73,-1577.30,0.00
LB,ODS4P633.DWG,FEUER,-386.53,-1576.78,0.00
LB,ODS4P633.DWG,FEUER,-354.07,-1585.93,0.00
LB,ODS4P633.DWG,FEUER,-360.43,-1586.73,0.00
LB,ODS4P633.DWG,FEUER,-357.13,-1587.25,0.00
LB,ODS4P633.DWG,FEUER,-362.68,-1592.38,0.00
LB,ODS4P633.DWG,FEUER,-359.93,-1589.53,0.00
LB,ODS4P633.DWG,FEUER,-379.71,-1577.00,0.00
LB,ODS4P633.DWG,FEUER,-391.22,-1583.60,0.00
LB,ODS4P633.DWG,FEUER,-387.45,-1583.60,0.00
LB,ODS4P633.DWG,FEUER,-386.29,-1586.66,0.00
LB,ODS4P633.DWG,FEUER,-393.06,-1586.45,0.00
LB,ODS4P633.DWG,FEUER,-389.59,-1586.65,0.00
LB,ODS4P633.DWG,FEUER,-381.39,-1580.35,0.00
LB,ODS4P633.DWG,FEUER,-377.68,-1580.31,0.00
LB,ODS4P633.DWG,FEUER,-385.47,-1580.30,0.00
LB,ODS4P633.DWG,FEUER,-383.03,-1583.56,0.00
LB,ODS4P633.DWG,FEUER,-389.49,-1580.60,0.00
LB,ODS4P633.DWG,FEUER,-362.52,-1589.12,0.00
LB,ODS4P633.DWG,FEUER,-336.67,-1590.02,0.00
LB,ODS4P633.DWG,FEUER,-339.47,-1592.40,0.00
LB,ODS4P633.DWG,FEUER,-338.55,-1587.57,0.00
LB,ODS4P633.DWG,FEUER,-332.08,-1581.11,0.00
LB,ODS4P633.DWG,FEUER,-335.19,-1587.17,0.00
LB,OS6P1142.DWG,FEUER,-753.36,-1273.58,0.00
LB,OS6P1142.DWG,FEUER,-757.40,-1269.21,0.00
LB,ODS4P633.DWG,FEUER,-336.68,-1599.38,0.00
LB,ODS4P633.DWG,FEUER,-337.13,-1595.87,0.00
LB,ODS4P633.DWG,FEUER,-339.68,-1597.29,0.00
LB,ODS4P633.DWG,FEUER,-335.90,-1581.82,0.00
LB,ODS4P633.DWG,FEUER,-355.44,-1583.38,0.00
LB,ODS4P633.DWG,FEUER,-352.19,-1583.69,0.00
LB,ODS4P633.DWG,FEUER,-358.85,-1583.53,0.00
LB,ODS4P633.DWG,FEUER,-363.69,-1586.58,0.00
LB,ODS4P633.DWG,FEUER,-362.21,-1583.83,0.00
LB,ODS4P633.DWG,FEUER,-337.02,-1584.62,0.00
LB,ODS4P633.DWG,FEUER,-334.07,-1584.42,0.00
LB,ODS4P633.DWG,FEUER,-341.35,-1584.77,0.00
LB,ODS4P633.DWG,FEUER,-348.57,-1584.15,0.00
LB,ODS4P633.DWG,FEUER,-345.52,-1584.87,0.00
LB,ODS4P633.DWG,FEUER,-275.28,-1682.45,0.00
LB,ODS4P633.DWG,FEUER,-313.27,-1707.40,0.00
LB,ODS4P633.DWG,FEUER,-310.88,-1706.28,0.00
LB,ODS4P633.DWG,FEUER,-315.00,-1704.39,0.00
LB,ODS4P632.DWG,FEUER,-227.53,-1747.71,0.00
LB,ODS4P633.DWG,FEUER,-317.60,-1710.50,0.00
LB,ODS4P633.DWG,FEUER,-315.26,-1712.79,0.00
LB,ODS4P633.DWG,FEUER,-303.15,-1663.59,0.00
LB,ODS4P633.DWG,FEUER,-313.99,-1710.86,0.00
LB,ODS4P633.DWG,FEUER,-304.62,-1706.49,0.00
LB,ODS4P633.DWG,FEUER,-302.89,-1709.04,0.00
LB,ODS4P632.DWG,FEUER,-222.63,-1747.34,0.00
LB,ODS4P632.DWG,FEUER,-204.64,-1745.81,0.00
LB,ODS4P632.DWG,FEUER,-200.87,-1746.04,0.00
LB,ODS4P632.DWG,FEUER,-210.31,-1745.93,0.00
LB,ODS4P632.DWG,FEUER,-219.80,-1745.31,0.00
LB,ODS4P632.DWG,FEUER,-215.11,-1745.65,0.00
LB,ODS4P632.DWG,FEUER,-217.84,-1748.95,0.00
LB,ODS4P632.DWG,FEUER,-221.11,-1750.82,0.00
LB,ODS4P632.DWG,FEUER,-212.27,-1748.27,0.00
LB,ODS4P632.DWG,FEUER,-202.68,-1750.37,0.00
LB,ODS4P632.DWG,FEUER,-207.48,-1750.85,0.00
LB,ODS4P633.DWG,FEUER,-299.44,-1664.76,0.00
LB,ODS4P633.DWG,FEUER,-273.80,-1672.42,0.00
LB,ODS4P633.DWG,FEUER,-270.34,-1671.87,0.00
LB,ODS4P633.DWG,FEUER,-270.95,-1674.77,0.00
LB,ODS4P633.DWG,FEUER,-263.11,-1672.79,0.00
LB,ODS4P633.DWG,FEUER,-267.03,-1673.96,0.00
LB,ODS4P633.DWG,FEUER,-281.14,-1681.88,0.00
LB,ODS4P633.DWG,FEUER,-278.49,-1682.55,0.00
LB,ODS4P633.DWG,FEUER,-284.09,-1681.11,0.00
LB,ODS4P633.DWG,FEUER,-290.24,-1680.70,0.00
LB,ODS4P633.DWG,FEUER,-287.24,-1681.21,0.00
LB,ODS4P633.DWG,FEUER,-264.34,-1675.79,0.00
LB,ODS4P633.DWG,FEUER,-285.33,-1653.43,0.00
LB,ODS4P633.DWG,FEUER,-273.59,-1669.47,0.00
LB,ODS4P633.DWG,FEUER,-287.72,-1652.00,0.00
LB,ODS4P633.DWG,FEUER,-303.06,-1666.18,0.00
LB,ODS4P633.DWG,FEUER,-300.31,-1666.85,0.00
LB,ODS4P633.DWG,FEUER,-272.58,-1678.38,0.00
LB,ODS4P633.DWG,FEUER,-268.41,-1677.31,0.00
LB,ODS4P633.DWG,FEUER,-259.40,-1674.37,0.00
LB,ODS4P633.DWG,FEUER,-268.70,-1667.54,0.00
LB,ODS4P633.DWG,FEUER,-266.21,-1670.14,0.00
LB,ODS4P267.DWG,FEUER,-387.51,-1507.11,0.00
LB,ODS4P267.DWG,FEUER,-388.59,-1504.52,0.00
LB,ODS4P267.DWG,FEUER,-388.23,-1509.96,0.00
LB,ODS4P267.DWG,FEUER,-375.89,-1511.55,0.00
LB,ODS4P267.DWG,FEUER,-385.37,-1508.29,0.00
LB,ODS4P267.DWG,FEUER,-396.54,-1500.75,0.00
LB,ODS4P267.DWG,FEUER,-382.78,-1476.70,0.00
LB,ODS4P267.DWG,FEUER,-393.41,-1499.57,0.00
LB,ODS4P267.DWG,FEUER,-388.14,-1502.17,0.00
LB,ODS4P267.DWG,FEUER,-390.73,-1501.92,0.00
LB,ODS4P267.DWG,FEUER,-375.80,-1508.96,0.00
LB,ODS4P267.DWG,FEUER,-365.88,-1520.35,0.00
LB,ODS4P267.DWG,FEUER,-363.29,-1519.51,0.00
LB,ODS4P267.DWG,FEUER,-368.12,-1522.03,0.00
LB,ODS4P267.DWG,FEUER,-355.69,-1527.30,0.00
LB,ODS4P267.DWG,FEUER,-365.17,-1522.78,0.00
LB,ODS4P267.DWG,FEUER,-372.68,-1509.63,0.00
LB,ODS4P267.DWG,FEUER,-373.57,-1507.20,0.00
LB,ODS4P267.DWG,FEUER,-374.02,-1510.88,0.00
LB,ODS4P267.DWG,FEUER,-365.17,-1517.67,0.00
LB,ODS4P267.DWG,FEUER,-362.93,-1516.58,0.00
LB,ODS4P267.DWG,FEUER,-381.97,-1481.06,0.00
LB,ODS4P267.DWG,FEUER,-428.81,-1496.56,0.00
LB,ODS4P267.DWG,FEUER,-426.75,-1494.46,0.00
LB,ODS4P267.DWG,FEUER,-421.12,-1492.96,0.00
LB,ODS4P267.DWG,FEUER,-419.07,-1498.82,0.00
LB,ODS4P267.DWG,FEUER,-420.67,-1495.72,0.00
LB,ODS4P267.DWG,FEUER,-406.46,-1488.68,0.00
LB,ODS4P267.DWG,FEUER,-404.05,-1489.52,0.00
LB,ODS4P267.DWG,FEUER,-412.00,-1493.88,0.00
LB,ODS4P267.DWG,FEUER,-422.10,-1489.52,0.00
LB,ODS4P267.DWG,FEUER,-414.24,-1494.21,0.00
LB,ODS4P267.DWG,FEUER,-417.01,-1495.55,0.00
LB,ODS4P267.DWG,FEUER,-401.82,-1521.36,0.00
LB,ODS4P267.DWG,FEUER,-398.60,-1520.35,0.00
LB,ODS4P267.DWG,FEUER,-405.57,-1521.52,0.00
LB,ODS4P267.DWG,FEUER,-385.19,-1475.45,0.00
LB,ODS4P267.DWG,FEUER,-388.68,-1474.61,0.00
LB,ODS4P267.DWG,FEUER,-411.74,-1499.57,0.00
LB,ODS4P267.DWG,FEUER,-413.79,-1496.73,0.00
LB,ODS4P267.DWG,FEUER,-415.13,-1499.49,0.00
LB,ODS4P267.DWG,FEUER,-400.74,-1518.76,0.00
LB,ODS4P267.DWG,FEUER,-403.96,-1518.84,0.00
LB,ODS4P267.DWG,FEUER,-356.50,-1531.07,0.00
LB,ODS4P267.DWG,FEUER,-408.79,-1642.51,0.00
LB,ODS4P267.DWG,FEUER,-407.99,-1638.83,0.00
LB,ODS4P267.DWG,FEUER,-408.72,-1646.59,0.00
LB,ODS4P267.DWG,FEUER,-384.37,-1629.77,0.00
LB,ODS4P267.DWG,FEUER,-381.61,-1631.74,0.00
LB,ODS4P267.DWG,FEUER,-407.26,-1628.81,0.00
LB,ODS4P267.DWG,FEUER,-404.94,-1627.66,0.00
LB,ODS4P267.DWG,FEUER,-406.61,-1631.81,0.00
LB,ODS4P267.DWG,FEUER,-410.32,-1639.65,0.00
LB,ODS4P267.DWG,FEUER,-408.86,-1632.83,0.00
LB,ODS4P267.DWG,FEUER,-388.29,-1625.00,0.00
LB,ODS4P267.DWG,FEUER,-390.40,-1610.97,0.00
LB,ODS4P267.DWG,FEUER,-387.71,-1611.85,0.00
LB,ODS4P267.DWG,FEUER,-367.36,-1612.67,0.00
LB,ODS4P267.DWG,FEUER,-366.20,-1614.98,0.00
LB,ODS4P267.DWG,FEUER,-364.09,-1613.28,0.00
LB,ODS4P267.DWG,FEUER,-387.35,-1627.38,0.00
LB,ODS4P267.DWG,FEUER,-385.10,-1626.77,0.00
LB,ODS4P267.DWG,FEUER,-389.97,-1617.64,0.00
LB,ODS4P267.DWG,FEUER,-389.38,-1613.83,0.00
LB,ODS4P267.DWG,FEUER,-391.71,-1612.74,0.00
LB,ODS4P267.DWG,FEUER,-404.14,-1624.52,0.00
LB,ODS4P267.DWG,FEUER,-407.35,-1593.81,0.00
LB,ODS4P267.DWG,FEUER,-404.77,-1593.29,0.00
LB,ODS4P267.DWG,FEUER,-413.66,-1663.01,0.00
LB,ODS4P267.DWG,FEUER,-412.79,-1609.94,0.00
LB,ODS4P267.DWG,FEUER,-416.35,-1662.81,0.00
LB,ODS4P267.DWG,FEUER,-360.70,-1538.45,0.00
LB,ODS4P267.DWG,FEUER,-357.93,-1533.76,0.00
LB,ODS4P267.DWG,FEUER,-363.29,-1538.11,0.00
LB,ODS4P267.DWG,FEUER,-365.08,-1542.38,0.00
LB,ODS4P267.DWG,FEUER,-362.58,-1540.46,0.00
LB,ODS4P267.DWG,FEUER,-415.11,-1610.22,0.00
LB,ODS4P267.DWG,FEUER,-420.64,-1623.91,0.00
LB,ODS4P267.DWG,FEUER,-418.31,-1622.27,0.00
LB,ODS4P267.DWG,FEUER,-419.04,-1626.09,0.00
LB,ODS4P267.DWG,FEUER,-410.61,-1644.35,0.00
LB,ODS4P267.DWG,FEUER,-419.04,-1642.85,0.00
LB,ODS4P267.DWG,FEUER,-417.73,-1614.98,0.00
LB,ODS4P267.DWG,FEUER,-420.13,-1612.94,0.00
LB,ODS4P267.DWG,FEUER,-420.78,-1616.35,0.00
LB,ODS4P267.DWG,FEUER,-420.71,-1620.03,0.00
LB,ODS4P267.DWG,FEUER,-419.04,-1618.25,0.00
LB,ODS4P267.DWG,FEUER,-402.26,-1489.35,0.00
LB,ODS4P364.DWG,FEUER,-414.00,-1626.00,0.00
LB,ODS4P364.DWG,FEUER,-418.00,-1626.00,0.00
LB,ODS4P364.DWG,FEUER,-410.00,-1626.00,0.00
LB,ODS4P364.DWG,FEUER,-402.00,-1626.00,0.00
LB,ODS4P364.DWG,FEUER,-406.00,-1626.00,0.00
LB,ODS4P364.DWG,FEUER,-446.00,-1626.00,0.00
LB,ODS4P364.DWG,FEUER,-450.00,-1626.00,0.00
LB,ODS4P364.DWG,FEUER,-442.00,-1626.00,0.00
LB,ODS4P364.DWG,FEUER,-422.00,-1626.00,0.00
LB,ODS4P364.DWG,FEUER,-426.00,-1626.00,0.00
LB,ODS4P364.DWG,FEUER,-398.00,-1626.00,0.00
LB,ODS4P364.DWG,FEUER,-424.00,-1630.00,0.00
LB,ODS4P364.DWG,FEUER,-420.00,-1630.00,0.00
LB,ODS4P364.DWG,FEUER,-440.00,-1630.00,0.00
LB,ODS4P364.DWG,FEUER,-448.00,-1630.00,0.00
LB,ODS4P364.DWG,FEUER,-444.00,-1630.00,0.00
LB,ODS4P364.DWG,FEUER,-404.00,-1630.00,0.00
LB,ODS4P364.DWG,FEUER,-400.00,-1630.00,0.00
LB,ODS4P364.DWG,FEUER,-408.00,-1630.00,0.00
LB,ODS4P364.DWG,FEUER,-416.00,-1630.00,0.00
LB,ODS4P364.DWG,FEUER,-412.00,-1630.00,0.00
LB,ODS4P364.DWG,FEUER,-454.00,-1626.00,0.00
LB,ODS4P364.DWG,FEUER,-404.00,-1618.00,0.00
LB,ODS4P364.DWG,FEUER,-418.00,-1618.00,0.00
LB,ODS4P364.DWG,FEUER,-410.00,-1618.00,0.00
LB,ODS4P364.DWG,FEUER,-386.00,-1640.00,0.00
LB,ODS4P364.DWG,FEUER,-382.00,-1638.00,0.00
LB,ODS4P364.DWG,FEUER,-438.00,-1618.00,0.00
LB,ODS4P364.DWG,FEUER,-442.00,-1618.00,0.00
LB,ODS4P364.DWG,FEUER,-434.00,-1618.00,0.00
LB,ODS4P364.DWG,FEUER,-426.00,-1618.00,0.00
LB,ODS4P364.DWG,FEUER,-430.00,-1618.00,0.00
LB,ODS4P364.DWG,FEUER,-388.00,-1642.00,0.00
LB,ODS4P364.DWG,FEUER,-444.00,-1622.00,0.00
LB,ODS4P364.DWG,FEUER,-440.00,-1622.00,0.00
LB,ODS4P364.DWG,FEUER,-448.00,-1622.00,0.00
LB,ODS4P364.DWG,FEUER,-458.00,-1626.00,0.00
LB,ODS4P364.DWG,FEUER,-452.00,-1622.00,0.00
LB,ODS4P364.DWG,FEUER,-412.00,-1622.00,0.00
LB,ODS4P364.DWG,FEUER,-398.00,-1642.00,0.00
LB,ODS4P364.DWG,FEUER,-416.00,-1622.00,0.00
LB,ODS4P364.DWG,FEUER,-428.00,-1622.00,0.00
LB,ODS4P364.DWG,FEUER,-420.00,-1622.00,0.00
LB,ODS4P364.DWG,FEUER,-446.00,-1634.00,0.00
LB,ODS4P364.DWG,FEUER,-438.00,-1642.00,0.00
LB,ODS4P364.DWG,FEUER,-442.00,-1642.00,0.00
LB,ODS4P364.DWG,FEUER,-434.00,-1642.00,0.00
LB,ODS4P364.DWG,FEUER,-426.00,-1642.00,0.00
LB,ODS4P364.DWG,FEUER,-430.00,-1642.00,0.00
LB,ODS4P364.DWG,FEUER,-444.00,-1638.00,0.00
LB,ODS4P364.DWG,FEUER,-440.00,-1638.00,0.00
LB,ODS4P364.DWG,FEUER,-448.00,-1638.00,0.00
LB,ODS4P364.DWG,FEUER,-446.00,-1642.00,0.00
LB,ODS4P364.DWG,FEUER,-450.00,-1642.00,0.00
LB,ODS4P364.DWG,FEUER,-422.00,-1642.00,0.00
LB,ODS4P364.DWG,FEUER,-444.00,-1646.00,0.00
LB,ODS4P364.DWG,FEUER,-440.00,-1646.00,0.00
LB,ODS4P364.DWG,FEUER,-448.00,-1646.00,0.00
LB,ODS4P267.DWG,FEUER,-378.75,-1485.16,0.00
LB,ODS4P364.DWG,FEUER,-452.00,-1646.00,0.00
LB,ODS4P364.DWG,FEUER,-424.00,-1646.00,0.00
LB,ODS4P364.DWG,FEUER,-420.00,-1646.00,0.00
LB,ODS4P364.DWG,FEUER,-428.00,-1646.00,0.00
LB,ODS4P364.DWG,FEUER,-436.00,-1646.00,0.00
LB,ODS4P364.DWG,FEUER,-432.00,-1646.00,0.00
LB,ODS4P364.DWG,FEUER,-436.00,-1638.00,0.00
LB,ODS4P364.DWG,FEUER,-418.00,-1634.00,0.00
LB,ODS4P364.DWG,FEUER,-422.00,-1634.00,0.00
LB,ODS4P364.DWG,FEUER,-414.00,-1634.00,0.00
LB,ODS4P364.DWG,FEUER,-406.00,-1634.00,0.00
LB,ODS4P364.DWG,FEUER,-410.00,-1634.00,0.00
LB,ODS4P364.DWG,FEUER,-438.00,-1634.00,0.00
LB,ODS4P364.DWG,FEUER,-442.00,-1634.00,0.00
LB,ODS4P364.DWG,FEUER,-434.00,-1634.00,0.00
LB,ODS4P364.DWG,FEUER,-426.00,-1634.00,0.00
LB,ODS4P364.DWG,FEUER,-430.00,-1634.00,0.00
LB,ODS4P364.DWG,FEUER,-402.00,-1634.00,0.00
LB,ODS4P364.DWG,FEUER,-416.00,-1638.00,0.00
LB,ODS4P364.DWG,FEUER,-412.00,-1638.00,0.00
LB,ODS4P364.DWG,FEUER,-420.00,-1638.00,0.00
LB,ODS4P364.DWG,FEUER,-428.00,-1638.00,0.00
LB,ODS4P364.DWG,FEUER,-424.00,-1638.00,0.00
LB,ODS4P364.DWG,FEUER,-396.00,-1638.00,0.00
LB,ODS4P364.DWG,FEUER,-398.00,-1634.00,0.00
LB,ODS4P364.DWG,FEUER,-400.00,-1638.00,0.00
LB,ODS4P364.DWG,FEUER,-408.00,-1638.00,0.00
LB,ODS4P364.DWG,FEUER,-404.00,-1638.00,0.00
LB,ODS4P267.DWG,FEUER,-362.42,-1615.12,0.00
LB,ODS2P429.DWG,FEUER,-57.07,-1813.65,0.00
LB,ODS2P429.DWG,FEUER,-57.95,-1816.61,0.00
LB,ODS2P429.DWG,FEUER,-56.33,-1809.53,0.00
LB,ODS2P429.DWG,FEUER,-50.97,-1808.49,0.00
LB,ODS2P429.DWG,FEUER,-53.11,-1808.73,0.00
LB,ODS2P429.DWG,FEUER,-53.39,-1821.73,0.00
LB,ODS2P429.DWG,FEUER,-51.90,-1819.19,0.00
LB,ODS2P429.DWG,FEUER,-51.42,-1824.44,0.00
LB,ODS2P429.DWG,FEUER,-55.55,-1815.65,0.00
LB,ODS2P429.DWG,FEUER,-55.98,-1819.12,0.00
LB,ODS2P429.DWG,FEUER,-48.26,-1807.84,0.00
LB,ODS2P429.DWG,FEUER,-57.29,-1789.84,0.00
LB,ODS2P429.DWG,FEUER,-56.29,-1792.96,0.00
LB,ODS2P429.DWG,FEUER,-71.01,-1781.66,0.00
LB,ODS2P429.DWG,FEUER,-74.94,-1782.09,0.00
LB,ODS2P429.DWG,FEUER,-75.96,-1791.01,0.00
LB,ODS2P429.DWG,FEUER,-43.71,-1805.27,0.00
LB,ODS2P429.DWG,FEUER,-45.00,-1807.55,0.00
LB,ODS2P429.DWG,FEUER,-46.57,-1805.30,0.00
LB,ODS2P429.DWG,FEUER,-52.23,-1805.98,0.00
LB,ODS2P429.DWG,FEUER,-49.93,-1805.43,0.00
LB,ODS2P429.DWG,FEUER,-49.72,-1821.80,0.00
LB,ODS2P429.DWG,FEUER,2.46,-1810.02,0.00
LB,ODS2P429.DWG,FEUER,4.65,-1818.19,0.00
LB,ODS2P429.DWG,FEUER,-0.41,-1812.50,0.00
LB,ODS2P429.DWG,FEUER,-41.89,-1835.10,0.00
LB,ODS2P429.DWG,FEUER,-38.12,-1834.36,0.00
LB,ODS2P429.DWG,FEUER,-64.96,-1749.21,0.00
LB,ODS2P429.DWG,FEUER,-61.75,-1749.03,0.00
LB,ODS2P429.DWG,FEUER,4.47,-1822.83,0.00
LB,ODS2P429.DWG,FEUER,3.83,-1819.92,0.00
LB,ODS2P429.DWG,FEUER,6.78,-1820.80,0.00
LB,ODS2P429.DWG,FEUER,-37.63,-1838.29,0.00
LB,ODS2P429.DWG,FEUER,-45.51,-1826.31,0.00
LB,ODS2P429.DWG,FEUER,-41.48,-1826.03,0.00
LB,ODS2P429.DWG,FEUER,-49.34,-1826.34,0.00
LB,ODS2P429.DWG,FEUER,-49.39,-1816.66,0.00
LB,ODS2P429.DWG,FEUER,-44.90,-1816.58,0.00
LB,ODS2P429.DWG,FEUER,-43.18,-1837.85,0.00
LB,ODS2P429.DWG,FEUER,-39.92,-1837.61,0.00
LB,ODS2P429.DWG,FEUER,-40.38,-1829.20,0.00
LB,ODS2P429.DWG,FEUER,-43.59,-1828.82,0.00
LB,ODS2P429.DWG,FEUER,-47.21,-1828.90,0.00
LB,ODS2P429.DWG,FEUER,-76.93,-1783.46,0.00
LB,ODS2P429.DWG,FEUER,-109.39,-1797.65,0.00
LB,ODS2P429.DWG,FEUER,-106.17,-1796.24,0.00
LB,ODS2P429.DWG,FEUER,-109.98,-1794.39,0.00
LB,ODS2P429.DWG,FEUER,-113.59,-1792.78,0.00
LB,ODS2P429.DWG,FEUER,-112.08,-1795.50,0.00
LB,ODS2P429.DWG,FEUER,-100.12,-1798.93,0.00
LB,ODS2P429.DWG,FEUER,-99.52,-1801.74,0.00
LB,ODS2P429.DWG,FEUER,-102.58,-1801.06,0.00
LB,ODS2P429.DWG,FEUER,-105.94,-1799.71,0.00
LB,ODS2P429.DWG,FEUER,-103.02,-1797.84,0.00
LB,ODS2P429.DWG,FEUER,-116.46,-1793.94,0.00
LB,ODS2P429.DWG,FEUER,-145.48,-1768.89,0.00
LB,ODS2P429.DWG,FEUER,-143.24,-1770.03,0.00
LB,ODS2P429.DWG,FEUER,-148.19,-1770.26,0.00
LB,ODS2P429.DWG,FEUER,-158.02,-1768.62,0.00
LB,ODS2P429.DWG,FEUER,-154.86,-1769.25,0.00
LB,ODS2P429.DWG,FEUER,-125.44,-1786.60,0.00
LB,ODS2P429.DWG,FEUER,-124.81,-1782.78,0.00
LB,ODS2P429.DWG,FEUER,-124.55,-1790.68,0.00
LB,ODS2P429.DWG,FEUER,-147.00,-1776.48,0.00
LB,ODS2P429.DWG,FEUER,-143.17,-1766.87,0.00
LB,ODS2P429.DWG,FEUER,-96.86,-1799.81,0.00
LB,ODS2P429.DWG,FEUER,-71.15,-1798.23,0.00
LB,ODS2P429.DWG,FEUER,-71.12,-1801.80,0.00
LB,ODS2P429.DWG,FEUER,-73.78,-1803.62,0.00
LB,ODS2P429.DWG,FEUER,-73.70,-1796.89,0.00
LB,ODS2P429.DWG,FEUER,-73.66,-1800.25,0.00
LB,ODS2P429.DWG,FEUER,-82.85,-1793.01,0.00
LB,ODS2P429.DWG,FEUER,-82.73,-1790.11,0.00
LB,ODS2P429.DWG,FEUER,-68.37,-1802.63,0.00
LB,ODS2P429.DWG,FEUER,-70.94,-1804.96,0.00
LB,ODS2P429.DWG,FEUER,-74.51,-1805.86,0.00
LB,ODS2P429.DWG,FEUER,-77.08,-1800.28,0.00
LB,ODS2P429.DWG,FEUER,-89.78,-1801.69,0.00
LB,ODS2P429.DWG,FEUER,-86.52,-1802.07,0.00
LB,ODS2P429.DWG,FEUER,-93.63,-1804.93,0.00
LB,ODS2P429.DWG,FEUER,-95.70,-1802.52,0.00
LB,ODS2P429.DWG,FEUER,-92.23,-1801.78,0.00
LB,ODS2P429.DWG,FEUER,-79.49,-1801.95,0.00
LB,ODS2P429.DWG,FEUER,-77.15,-1803.55,0.00
LB,ODS2P429.DWG,FEUER,-79.62,-1798.74,0.00
LB,ODS2P429.DWG,FEUER,-82.24,-1802.55,0.00
LB,ODS2P429.DWG,FEUER,-81.77,-1800.26,0.00
LB,ODS2P429.DWG,FEUER,-59.71,-1750.16,0.00
LB,ODS4P267.DWG,FEUER,-395.85,-1652.04,0.00
LB,ODS4P267.DWG,FEUER,-395.56,-1655.31,0.00
LB,ODS4P267.DWG,FEUER,-398.91,-1652.52,0.00
LB,ODS4P267.DWG,FEUER,-405.23,-1651.29,0.00
LB,ODS4P267.DWG,FEUER,-401.67,-1651.84,0.00
LB,ODS4P267.DWG,FEUER,-390.47,-1646.05,0.00
LB,ODS4P267.DWG,FEUER,-390.04,-1643.32,0.00
LB,ODS4P267.DWG,FEUER,-392.36,-1647.75,0.00
LB,ODS4P267.DWG,FEUER,-393.31,-1657.22,0.00
LB,ODS4P267.DWG,FEUER,-392.22,-1650.75,0.00
LB,ODS4P267.DWG,FEUER,-403.56,-1649.18,0.00
LB,ODS2P429.DWG,FEUER,8.11,-1684.62,0.00
LB,ODS2P429.DWG,FEUER,16.48,-1693.59,0.00
LB,ODS2P429.DWG,FEUER,8.61,-1687.78,0.00
LB,ODS2P429.DWG,FEUER,18.23,-1690.59,0.00
LB,ODS2P429.DWG,FEUER,16.09,-1688.95,0.00
LB,ODS2P429.DWG,FEUER,22.47,-1697.45,0.00
LB,ODS4P267.DWG,FEUER,-407.12,-1648.02,0.00
LB,ODS2P429.DWG,FEUER,27.42,-1696.76,0.00
LB,ODS2P429.DWG,FEUER,19.43,-1693.35,0.00
LB,ODS2P429.DWG,FEUER,28.20,-1694.12,0.00
LB,ODS4P267.DWG,FEUER,-387.93,-1643.05,0.00
LB,ODS4P267.DWG,FEUER,-368.89,-1640.05,0.00
LB,ODS4P267.DWG,FEUER,-369.18,-1635.63,0.00
LB,ODS4P267.DWG,FEUER,-360.97,-1637.53,0.00
LB,ODS4P267.DWG,FEUER,-364.24,-1636.44,0.00
LB,ODS4P267.DWG,FEUER,-363.44,-1639.24,0.00
LB,ODS4P267.DWG,FEUER,-366.71,-1628.34,0.00
LB,ODS4P267.DWG,FEUER,-364.24,-1627.52,0.00
LB,ODS4P267.DWG,FEUER,-369.69,-1626.22,0.00
LB,ODS4P267.DWG,FEUER,-374.48,-1639.30,0.00
LB,ODS4P267.DWG,FEUER,-367.14,-1624.93,0.00
LB,ODS4P267.DWG,FEUER,-366.13,-1637.81,0.00
LB,ODS4P267.DWG,FEUER,-382.33,-1638.76,0.00
LB,ODS4P267.DWG,FEUER,-380.23,-1638.28,0.00
LB,ODS4P267.DWG,FEUER,-383.64,-1641.01,0.00
LB,ODS4P267.DWG,FEUER,-388.00,-1639.58,0.00
LB,ODS4P267.DWG,FEUER,-385.97,-1640.87,0.00
LB,ODS4P267.DWG,FEUER,-391.06,-1655.11,0.00
LB,ODS4P267.DWG,FEUER,-371.80,-1638.28,0.00
LB,ODS4P267.DWG,FEUER,-389.53,-1652.04,0.00
LB,ODS4P267.DWG,FEUER,-382.19,-1642.23,0.00
LB,ODS4P267.DWG,FEUER,-383.35,-1649.66,0.00
LB,ODS2P429.DWG,FEUER,18.35,-1686.87,0.00
LB,ODS2P429.DWG,FEUER,-102.02,-1685.88,0.00
LB,ODS2P429.DWG,FEUER,-100.28,-1684.21,0.00
LB,ODS2P429.DWG,FEUER,-99.68,-1686.35,0.00
LB,ODS2P429.DWG,FEUER,-38.79,-1755.12,0.00
LB,ODS2P429.DWG,FEUER,-101.02,-1688.44,0.00
LB,ODS2P429.DWG,FEUER,-99.11,-1674.99,0.00
LB,ODS2P429.DWG,FEUER,-97.59,-1676.57,0.00
LB,ODS2P429.DWG,FEUER,-99.38,-1677.99,0.00
LB,ODS2P429.DWG,FEUER,-101.44,-1681.35,0.00
LB,ODS2P429.DWG,FEUER,-99.40,-1681.36,0.00
LB,ODS2P429.DWG,FEUER,-41.12,-1753.58,0.00
LB,ODS2P429.DWG,FEUER,-56.09,-1758.59,0.00
LB,ODS2P429.DWG,FEUER,-55.26,-1755.54,0.00
LB,ODS2P429.DWG,FEUER,-54.27,-1760.95,0.00
LB,ODS2P429.DWG,FEUER,-58.22,-1755.73,0.00
LB,ODS2P429.DWG,FEUER,-51.58,-1763.11,0.00
LB,ODS2P429.DWG,FEUER,-48.37,-1755.32,0.00
LB,ODS2P429.DWG,FEUER,-44.95,-1753.86,0.00
LB,ODS2P429.DWG,FEUER,-48.40,-1760.58,0.00
LB,ODS2P429.DWG,FEUER,-53.13,-1757.79,0.00
LB,ODS2P429.DWG,FEUER,-50.79,-1759.69,0.00
LB,ODS2P429.DWG,FEUER,-70.48,-1689.53,0.00
LB,ODS2P429.DWG,FEUER,12.00,-1674.09,0.00
LB,ODS2P429.DWG,FEUER,13.13,-1672.31,0.00
LB,ODS2P429.DWG,FEUER,3.88,-1676.23,0.00
LB,ODS2P429.DWG,FEUER,-60.96,-1681.58,0.00
LB,ODS2P429.DWG,FEUER,2.36,-1674.90,0.00
LB,ODS2P429.DWG,FEUER,17.10,-1682.38,0.00
LB,ODS2P429.DWG,FEUER,15.17,-1680.99,0.00
LB,ODS2P429.DWG,FEUER,17.94,-1678.71,0.00
LB,ODS2P429.DWG,FEUER,11.67,-1678.78,0.00
LB,ODS2P429.DWG,FEUER,14.52,-1678.90,0.00
LB,ODS2P429.DWG,FEUER,-52.55,-1683.46,0.00
LB,ODS2P429.DWG,FEUER,-60.31,-1693.10,0.00
LB,ODS2P429.DWG,FEUER,-62.84,-1690.84,0.00
LB,ODS2P429.DWG,FEUER,-66.62,-1691.49,0.00
LB,ODS2P429.DWG,FEUER,-68.09,-1689.39,0.00
LB,ODS2P429.DWG,FEUER,-65.13,-1689.15,0.00
LB,ODS2P429.DWG,FEUER,-62.04,-1684.68,0.00
LB,ODS2P429.DWG,FEUER,-56.37,-1682.32,0.00
LB,ODS2P429.DWG,FEUER,-59.60,-1685.82,0.00
LB,ODS2P429.DWG,FEUER,-61.60,-1688.00,0.00
LB,ODS2P429.DWG,FEUER,-59.37,-1689.79,0.00
LB,ODS4P364.DWG,FEUER,-446.00,-1618.00,0.00
LB,ODS4P366.DWG,FEUER,-364.43,-1590.88,0.00
LB,ODS4P366.DWG,FEUER,-367.31,-1585.81,0.00
LB,ODS4P366.DWG,FEUER,-346.69,-1606.87,0.00
LB,ODS4P366.DWG,FEUER,-345.85,-1602.12,0.00
LB,ODS4P366.DWG,FEUER,-343.65,-1605.13,0.00
LB,ODS4P366.DWG,FEUER,-381.50,-1584.86,0.00
LB,ODS4P366.DWG,FEUER,-328.44,-1606.72,0.00
LB,ODS4P366.DWG,FEUER,-378.12,-1585.02,0.00
LB,ODS4P366.DWG,FEUER,-364.60,-1586.28,0.00
LB,ODS4P366.DWG,FEUER,-373.73,-1585.49,0.00
LB,ODS4P366.DWG,FEUER,-349.39,-1601.49,0.00
LB,ODS4P366.DWG,FEUER,-366.29,-1601.49,0.00
LB,ODS4P366.DWG,FEUER,-364.10,-1598.64,0.00
LB,ODS4P366.DWG,FEUER,-368.49,-1605.45,0.00
LB,ODS4P366.DWG,FEUER,-378.46,-1600.38,0.00
LB,ODS4P366.DWG,FEUER,-374.91,-1602.44,0.00
LB,ODS4P366.DWG,FEUER,-353.11,-1605.61,0.00
LB,ODS4P366.DWG,FEUER,-354.80,-1608.46,0.00
LB,ODS4P366.DWG,FEUER,-356.66,-1605.45,0.00
LB,ODS4P366.DWG,FEUER,-360.04,-1600.85,0.00
LB,ODS4P366.DWG,FEUER,-355.48,-1600.06,0.00
LB,ODS4P366.DWG,FEUER,-323.71,-1606.72,0.00
LB,ODS4P366.DWG,FEUER,-278.08,-1562.37,0.00
LB,ODS4P366.DWG,FEUER,-335.54,-1545.73,0.00
LB,ODS4P366.DWG,FEUER,-280.62,-1544.63,0.00
LB,ODS4P366.DWG,FEUER,-285.18,-1551.12,0.00
LB,ODS4P366.DWG,FEUER,-283.15,-1547.79,0.00
LB,ODS4P468.DWG,FEUER,-330.52,-1714.51,0.00
LB,ODS4P468.DWG,FEUER,-326.74,-1714.76,0.00
LB,ODS4P366.DWG,FEUER,-326.92,-1545.26,0.00
LB,ODS4P366.DWG,FEUER,-334.02,-1542.57,0.00
LB,ODS4P366.DWG,FEUER,-330.30,-1543.52,0.00
LB,ODS4P366.DWG,FEUER,-284.50,-1553.50,0.00
LB,ODS4P366.DWG,FEUER,-312.72,-1600.06,0.00
LB,ODS4P366.DWG,FEUER,-309.01,-1600.38,0.00
LB,ODS4P366.DWG,FEUER,-311.03,-1602.60,0.00
LB,ODS4P366.DWG,FEUER,-325.40,-1609.09,0.00
LB,ODS4P366.DWG,FEUER,-327.09,-1611.94,0.00
LB,ODS4P366.DWG,FEUER,-298.19,-1597.85,0.00
LB,ODS4P366.DWG,FEUER,-294.30,-1595.63,0.00
LB,ODS4P366.DWG,FEUER,-303.09,-1602.76,0.00
LB,ODS4P366.DWG,FEUER,-305.12,-1600.22,0.00
LB,ODS4P366.DWG,FEUER,-301.23,-1600.70,0.00
LB,ODS4P366.DWG,FEUER,-377.95,-1604.81,0.00
LB,ODS4P366.DWG,FEUER,-309.18,-1667.70,0.00
LB,ODS4P366.DWG,FEUER,-300.39,-1657.88,0.00
LB,ODS4P366.DWG,FEUER,-306.30,-1664.21,0.00
LB,ODS4P366.DWG,FEUER,-293.12,-1668.80,0.00
LB,ODS4P366.DWG,FEUER,-294.81,-1664.53,0.00
LB,ODS4P366.DWG,FEUER,-301.23,-1638.08,0.00
LB,ODS4P366.DWG,FEUER,-297.68,-1643.14,0.00
LB,ODS4P366.DWG,FEUER,-293.12,-1635.86,0.00
LB,ODS4P366.DWG,FEUER,-296.16,-1639.03,0.00
LB,ODS4P366.DWG,FEUER,-298.19,-1635.70,0.00
LB,ODS4P366.DWG,FEUER,-298.19,-1668.33,0.00
LB,ODS4P366.DWG,FEUER,-289.40,-1676.72,0.00
LB,ODS4P366.DWG,FEUER,-283.49,-1676.88,0.00
LB,ODS4P366.DWG,FEUER,-293.12,-1676.88,0.00
LB,ODS4P366.DWG,FEUER,-303.60,-1676.88,0.00
LB,ODS4P366.DWG,FEUER,-298.02,-1676.88,0.00
LB,ODS4P366.DWG,FEUER,-291.94,-1681.32,0.00
LB,ODS4P366.DWG,FEUER,-303.09,-1668.01,0.00
LB,ODS4P366.DWG,FEUER,-286.70,-1680.68,0.00
LB,ODS4P366.DWG,FEUER,-277.41,-1676.72,0.00
LB,ODS4P366.DWG,FEUER,-281.29,-1680.53,0.00
LB,ODS4P366.DWG,FEUER,-303.94,-1634.28,0.00
LB,ODS4P366.DWG,FEUER,-318.98,-1668.80,0.00
LB,ODS4P366.DWG,FEUER,-379.14,-1617.96,0.00
LB,ODS4P366.DWG,FEUER,-331.31,-1653.28,0.00
LB,ODS4P366.DWG,FEUER,-323.03,-1654.87,0.00
LB,ODS4P366.DWG,FEUER,-319.48,-1656.45,0.00
LB,ODS4P366.DWG,FEUER,-373.90,-1607.35,0.00
LB,ODS4P366.DWG,FEUER,-377.95,-1609.88,0.00
LB,ODS4P366.DWG,FEUER,-370.01,-1608.46,0.00
LB,ODS4P366.DWG,FEUER,-376.09,-1614.79,0.00
LB,ODS4P366.DWG,FEUER,-373.22,-1611.63,0.00
LB,ODS4P366.DWG,FEUER,-326.41,-1651.38,0.00
LB,ODS4P366.DWG,FEUER,-315.43,-1635.07,0.00
LB,ODS4P366.DWG,FEUER,-321.51,-1636.81,0.00
LB,ODS4P366.DWG,FEUER,-297.85,-1632.69,0.00
LB,ODS4P366.DWG,FEUER,-305.63,-1631.58,0.00
LB,ODS4P366.DWG,FEUER,-301.74,-1631.90,0.00
LB,ODS4P366.DWG,FEUER,-330.47,-1647.74,0.00
LB,ODS4P366.DWG,FEUER,-327.09,-1645.36,0.00
LB,ODS4P366.DWG,FEUER,-330.64,-1642.35,0.00
LB,ODS4P366.DWG,FEUER,-318.98,-1631.90,0.00
LB,ODS4P366.DWG,FEUER,-327.93,-1635.23,0.00
LB,ODS4P468.DWG,FEUER,-322.83,-1715.01,0.00
LB,ODS4P468.DWG,FEUER,-278.31,-1699.46,0.00
LB,ODS4P468.DWG,FEUER,-275.21,-1700.09,0.00
LB,ODS4P468.DWG,FEUER,-276.02,-1696.81,0.00
LB,ODS4P468.DWG,FEUER,-263.61,-1704.65,0.00
LB,ODS4P468.DWG,FEUER,-267.39,-1707.30,0.00
LB,ODS4P468.DWG,FEUER,-271.70,-1706.29,0.00
LB,ODS4P468.DWG,FEUER,-273.73,-1709.70,0.00
LB,ODS4P468.DWG,FEUER,-277.23,-1706.92,0.00
LB,ODS4P468.DWG,FEUER,-278.18,-1702.62,0.00
LB,ODS4P468.DWG,FEUER,-273.73,-1703.89,0.00
LB,ODS4P468.DWG,FEUER,-266.71,-1700.09,0.00
LB,ODS4P468.DWG,FEUER,-269.27,-1680.62,0.00
LB,ODS4P468.DWG,FEUER,-263.61,-1686.82,0.00
LB,ODS4P468.DWG,FEUER,-268.19,-1685.43,0.00
LB,ODS4P468.DWG,FEUER,-276.02,-1690.11,0.00
LB,ODS4P468.DWG,FEUER,-269.81,-1688.97,0.00
LB,ODS4P468.DWG,FEUER,-263.61,-1694.40,0.00
LB,ODS4P468.DWG,FEUER,-264.15,-1698.32,0.00
LB,ODS4P468.DWG,FEUER,-266.98,-1695.04,0.00
LB,ODS4P468.DWG,FEUER,-266.44,-1689.60,0.00
LB,ODS4P468.DWG,FEUER,-269.14,-1692.25,0.00
LB,ODS4P468.DWG,FEUER,-278.04,-1711.09,0.00
LB,ODS4P468.DWG,FEUER,-298.14,-1699.71,0.00
LB,ODS4P468.DWG,FEUER,-295.44,-1703.25,0.00
LB,ODS4P468.DWG,FEUER,-294.09,-1693.27,0.00
LB,ODS4P468.DWG,FEUER,-291.40,-1693.77,0.00
LB,ODS4P468.DWG,FEUER,-288.97,-1691.24,0.00
LB,ODS4P468.DWG,FEUER,-301.92,-1706.79,0.00
LB,ODS4P468.DWG,FEUER,-300.84,-1703.89,0.00
LB,ODS4P468.DWG,FEUER,-302.73,-1711.73,0.00
LB,ODS4P468.DWG,FEUER,-298.01,-1706.04,0.00
LB,ODS4P468.DWG,FEUER,-299.62,-1709.58,0.00
LB,ODS4P468.DWG,FEUER,-291.40,-1698.83,0.00
LB,ODS4P468.DWG,FEUER,-269.00,-1711.35,0.00
LB,ODS4P468.DWG,FEUER,-263.20,-1709.07,0.00
LB,ODS4P468.DWG,FEUER,-271.97,-1713.75,0.00
LB,ODS4P468.DWG,FEUER,-280.74,-1713.37,0.00
LB,ODS4P468.DWG,FEUER,-275.34,-1714.63,0.00
LB,ODS4P468.DWG,FEUER,-292.88,-1707.05,0.00
LB,ODS4P468.DWG,FEUER,-291.94,-1702.12,0.00
LB,ODS4P468.DWG,FEUER,-294.77,-1710.21,0.00
LB,ODS4P468.DWG,FEUER,-299.36,-1714.63,0.00
LB,ODS4P468.DWG,FEUER,-297.06,-1712.86,0.00
LB,ODS4P468.DWG,FEUER,-274.00,-1687.96,0.00
LB,ODS4P468.DWG,FEUER,-320.67,-1656.60,0.00
LB,ODS4P468.DWG,FEUER,-315.81,-1647.50,0.00
LB,ODS4P468.DWG,FEUER,-324.18,-1659.51,0.00
LB,ODS4P468.DWG,FEUER,-325.25,-1663.81,0.00
LB,ODS4P468.DWG,FEUER,-322.42,-1661.66,0.00
LB,ODS4P468.DWG,FEUER,-305.43,-1645.35,0.00
LB,ODS4P468.DWG,FEUER,-303.40,-1643.83,0.00
LB,ODS4P468.DWG,FEUER,-308.39,-1644.97,0.00
LB,ODS4P468.DWG,FEUER,-312.17,-1645.60,0.00
LB,ODS4P468.DWG,FEUER,-309.61,-1647.75,0.00
LB,ODS4P468.DWG,FEUER,-323.64,-1666.97,0.00
LB,ODS4P468.DWG,FEUER,-331.06,-1686.94,0.00
LB,ODS4P468.DWG,FEUER,-332.00,-1683.28,0.00
LB,ODS4P468.DWG,FEUER,-334.70,-1686.44,0.00
LB,ODS4P468.DWG,FEUER,-340.50,-1688.21,0.00
LB,ODS4P468.DWG,FEUER,-338.20,-1686.06,0.00
LB,ODS4P468.DWG,FEUER,-329.57,-1669.50,0.00
LB,ODS4P468.DWG,FEUER,-327.41,-1666.46,0.00
LB,ODS4P468.DWG,FEUER,-326.47,-1671.01,0.00
LB,ODS4P468.DWG,FEUER,-328.63,-1683.15,0.00
LB,ODS4P468.DWG,FEUER,-328.36,-1686.94,0.00
LB,ODS4P468.DWG,FEUER,-296.52,-1652.05,0.00
LB,ODS4P468.DWG,FEUER,-282.22,-1675.94,0.00
LB,ODS4P468.DWG,FEUER,-285.73,-1674.93,0.00
LB,ODS4P468.DWG,FEUER,-279.80,-1673.04,0.00
LB,ODS4P468.DWG,FEUER,-289.51,-1672.53,0.00
LB,ODS4P468.DWG,FEUER,-284.65,-1671.77,0.00
LB,ODS4P468.DWG,FEUER,-282.49,-1684.92,0.00
LB,ODS4P468.DWG,FEUER,-278.04,-1686.56,0.00
LB,ODS4P468.DWG,FEUER,-279.12,-1683.40,0.00
LB,ODS4P468.DWG,FEUER,-282.76,-1680.75,0.00
LB,ODS4P468.DWG,FEUER,-279.12,-1678.85,0.00
LB,ODS4P468.DWG,FEUER,-292.61,-1643.70,0.00
LB,ODS4P468.DWG,FEUER,-294.63,-1655.59,0.00
LB,ODS4P468.DWG,FEUER,-299.62,-1657.74,0.00
LB,ODS4P468.DWG,FEUER,-291.13,-1655.08,0.00
LB,ODS4P468.DWG,FEUER,-293.15,-1652.17,0.00
LB,ODS4P468.DWG,FEUER,-289.51,-1652.30,0.00
LB,ODS4P468.DWG,FEUER,-289.24,-1646.36,0.00
LB,ODS4P468.DWG,FEUER,-286.14,-1649.27,0.00
LB,ODS4P468.DWG,FEUER,-288.70,-1657.36,0.00
LB,ODS4P468.DWG,FEUER,-296.25,-1658.37,0.00
LB,ODS4P468.DWG,FEUER,-291.67,-1657.86,0.00
LB,ODS4P366.DWG,FEUER,-305.80,-1672.61,0.00
LB,ODS4P364.DWG,FEUER,-394.00,-1544.00,0.00
LB,ODS4P364.DWG,FEUER,-394.00,-1540.00,0.00
LB,ODS4P364.DWG,FEUER,-396.00,-1542.00,0.00
LB,ODS4P364.DWG,FEUER,-356.00,-1514.00,0.00
LB,ODS4P364.DWG,FEUER,-398.00,-1546.00,0.00
LB,ODS4P364.DWG,FEUER,-402.00,-1518.00,0.00
LB,ODS4P364.DWG,FEUER,-398.00,-1518.00,0.00
LB,ODS4P364.DWG,FEUER,-400.00,-1522.00,0.00
LB,ODS4P364.DWG,FEUER,-402.00,-1526.00,0.00
LB,ODS4P364.DWG,FEUER,-404.00,-1522.00,0.00
LB,ODS4P364.DWG,FEUER,-358.00,-1512.00,0.00
LB,ODS4P364.DWG,FEUER,-380.00,-1560.00,0.00
LB,ODS4P364.DWG,FEUER,-376.00,-1560.00,0.00
LB,ODS4P364.DWG,FEUER,-434.00,-1650.00,0.00
LB,ODS4P364.DWG,FEUER,-424.00,-1654.00,0.00
LB,ODS4P364.DWG,FEUER,-428.00,-1654.00,0.00
LB,ODS4P364.DWG,FEUER,-376.00,-1568.00,0.00
LB,ODS4P364.DWG,FEUER,-358.00,-1508.00,0.00
LB,ODS4P364.DWG,FEUER,-370.00,-1564.00,0.00
LB,ODS4P364.DWG,FEUER,-378.00,-1564.00,0.00
LB,ODS4P364.DWG,FEUER,-374.00,-1564.00,0.00
LB,ODS4P364.DWG,FEUER,-406.00,-1518.00,0.00
LB,ODS4P364.DWG,FEUER,-440.00,-1580.00,0.00
LB,ODS4P364.DWG,FEUER,-436.00,-1580.00,0.00
LB,ODS4P364.DWG,FEUER,-438.00,-1582.00,0.00
LB,ODS4P364.DWG,FEUER,-438.00,-1574.00,0.00
LB,ODS4P364.DWG,FEUER,-438.00,-1578.00,0.00
LB,ODS4P364.DWG,FEUER,-448.00,-1580.00,0.00
LB,ODS4P364.DWG,FEUER,-450.00,-1584.00,0.00
LB,ODS4P364.DWG,FEUER,-446.00,-1584.00,0.00
LB,ODS4P364.DWG,FEUER,-436.00,-1576.00,0.00
LB,ODS4P364.DWG,FEUER,-440.00,-1576.00,0.00
LB,ODS4P364.DWG,FEUER,-458.00,-1536.00,0.00
LB,ODS4P364.DWG,FEUER,-440.00,-1546.00,0.00
LB,ODS4P364.DWG,FEUER,-438.00,-1550.00,0.00
LB,ODS4P364.DWG,FEUER,-408.00,-1522.00,0.00
LB,ODS4P364.DWG,FEUER,-396.00,-1510.00,0.00
LB,ODS4P364.DWG,FEUER,-400.00,-1508.00,0.00
LB,ODS4P364.DWG,FEUER,-454.00,-1544.00,0.00
LB,ODS4P364.DWG,FEUER,-456.00,-1540.00,0.00
LB,ODS4P364.DWG,FEUER,-458.00,-1544.00,0.00
LB,ODS4P364.DWG,FEUER,-438.00,-1556.00,0.00
LB,ODS4P364.DWG,FEUER,-442.00,-1550.00,0.00
LB,ODS4P364.DWG,FEUER,-422.00,-1650.00,0.00
LB,ODS4P364.DWG,FEUER,-426.00,-1610.00,0.00
LB,ODS4P364.DWG,FEUER,-422.00,-1610.00,0.00
LB,ODS4P364.DWG,FEUER,-428.00,-1606.00,0.00
LB,ODS4P364.DWG,FEUER,-436.00,-1606.00,0.00
LB,ODS4P364.DWG,FEUER,-432.00,-1606.00,0.00
LB,ODS4P364.DWG,FEUER,-412.00,-1614.00,0.00
LB,ODS4P364.DWG,FEUER,-418.00,-1614.00,0.00
LB,ODS4P364.DWG,FEUER,-410.00,-1610.00,0.00
LB,ODS4P364.DWG,FEUER,-418.00,-1610.00,0.00
LB,ODS4P364.DWG,FEUER,-414.00,-1610.00,0.00
LB,ODS4P364.DWG,FEUER,-440.00,-1606.00,0.00
LB,ODS4P364.DWG,FEUER,-436.00,-1614.00,0.00
LB,ODS4P364.DWG,FEUER,-432.00,-1614.00,0.00
LB,ODS4P364.DWG,FEUER,-440.00,-1614.00,0.00
LB,ODS4P364.DWG,FEUER,-450.00,-1618.00,0.00
LB,ODS4P364.DWG,FEUER,-444.00,-1614.00,0.00
LB,ODS4P364.DWG,FEUER,-442.00,-1610.00,0.00
LB,ODS4P364.DWG,FEUER,-444.00,-1606.00,0.00
LB,ODS4P364.DWG,FEUER,-438.00,-1610.00,0.00
LB,ODS4P364.DWG,FEUER,-428.00,-1614.00,0.00
LB,ODS4P364.DWG,FEUER,-430.00,-1610.00,0.00
LB,ODS4P364.DWG,FEUER,-424.00,-1606.00,0.00
LB,ODS4P364.DWG,FEUER,-420.00,-1598.00,0.00
LB,ODS4P364.DWG,FEUER,-438.00,-1594.00,0.00
LB,ODS4P364.DWG,FEUER,-432.00,-1598.00,0.00
LB,ODS4P364.DWG,FEUER,-440.00,-1598.00,0.00
LB,ODS4P364.DWG,FEUER,-436.00,-1598.00,0.00
LB,ODS4P364.DWG,FEUER,-430.00,-1650.00,0.00
LB,ODS4P364.DWG,FEUER,-426.00,-1650.00,0.00
LB,ODS4P364.DWG,FEUER,-384.00,-1620.00,0.00
LB,ODS4P364.DWG,FEUER,-434.00,-1594.00,0.00
LB,ODS4P364.DWG,FEUER,-384.00,-1624.00,0.00
LB,ODS4P364.DWG,FEUER,-442.00,-1602.00,0.00
LB,ODS4P364.DWG,FEUER,-414.00,-1602.00,0.00
LB,ODS4P364.DWG,FEUER,-418.00,-1602.00,0.00
LB,ODS4P364.DWG,FEUER,-412.00,-1606.00,0.00
LB,ODS4P364.DWG,FEUER,-420.00,-1606.00,0.00
LB,ODS4P364.DWG,FEUER,-416.00,-1606.00,0.00
LB,ODS4P364.DWG,FEUER,-434.00,-1602.00,0.00
LB,ODS4P364.DWG,FEUER,-438.00,-1602.00,0.00
LB,ODS4P364.DWG,FEUER,-430.00,-1602.00,0.00
LB,ODS4P364.DWG,FEUER,-422.00,-1602.00,0.00
LB,ODS4P364.DWG,FEUER,-426.00,-1602.00,0.00
LB,ODS4P364.DWG,FEUER,-452.00,-1580.00,0.00
LB,ODS4P365.DWG,FEUER,-363.26,-1473.34,0.00
LB,ODS4P365.DWG,FEUER,-333.94,-1510.79,0.00
LB,ODS4P365.DWG,FEUER,-362.76,-1466.73,0.00
LB,ODS4P365.DWG,FEUER,-364.95,-1469.99,0.00
LB,ODS4P365.DWG,FEUER,-361.27,-1470.27,0.00
LB,ODS4P365.DWG,FEUER,-323.50,-1512.01,0.00
LB,ODS4P365.DWG,FEUER,-321.01,-1516.20,0.00
LB,ODS4P365.DWG,FEUER,-324.89,-1515.27,0.00
LB,ODS4P365.DWG,FEUER,-332.25,-1514.89,0.00
LB,ODS4P365.DWG,FEUER,-328.47,-1512.56,0.00
LB,ODS4P365.DWG,FEUER,-348.05,-1497.75,0.00
LB,ODS4P365.DWG,FEUER,-339.90,-1491.79,0.00
LB,ODS4P365.DWG,FEUER,-342.88,-1489.27,0.00
LB,ODS4P365.DWG,FEUER,-343.97,-1494.21,0.00
LB,ODS4P365.DWG,FEUER,-344.17,-1502.41,0.00
LB,ODS4P365.DWG,FEUER,-341.39,-1498.68,0.00
LB,ODS4P365.DWG,FEUER,-340.79,-1477.16,0.00
LB,ODS4P365.DWG,FEUER,-337.61,-1474.83,0.00
LB,ODS4P365.DWG,FEUER,-338.41,-1480.52,0.00
LB,ODS4P365.DWG,FEUER,-338.81,-1486.20,0.00
LB,ODS4P365.DWG,FEUER,-341.39,-1483.87,0.00
LB,ODS4P365.DWG,FEUER,-317.83,-1514.43,0.00
LB,ODS4P365.DWG,FEUER,-323.00,-1487.69,0.00
LB,ODS4P366.DWG,FEUER,-275.55,-1673.08,0.00
LB,ODS4P365.DWG,FEUER,-314.15,-1490.67,0.00
LB,ODS4P365.DWG,FEUER,-321.51,-1494.30,0.00
LB,ODS4P365.DWG,FEUER,-319.52,-1490.02,0.00
LB,ODS4P366.DWG,FEUER,-295.99,-1672.92,0.00
LB,ODS4P366.DWG,FEUER,-300.90,-1672.76,0.00
LB,ODS4P366.DWG,FEUER,-291.09,-1672.76,0.00
LB,ODS4P366.DWG,FEUER,-280.11,-1673.08,0.00
LB,ODS4P366.DWG,FEUER,-285.18,-1673.08,0.00
LB,ODS4P365.DWG,FEUER,-316.54,-1494.40,0.00
LB,ODS4P365.DWG,FEUER,-307.50,-1505.48,0.00
LB,ODS4P365.DWG,FEUER,-303.02,-1505.30,0.00
LB,ODS4P365.DWG,FEUER,-300.34,-1509.21,0.00
LB,ODS4P365.DWG,FEUER,-305.11,-1509.30,0.00
LB,ODS4P365.DWG,FEUER,-308.69,-1509.40,0.00
LB,ODS4P365.DWG,FEUER,-313.36,-1497.94,0.00
LB,ODS4P365.DWG,FEUER,-310.87,-1494.49,0.00
LB,ODS4P365.DWG,FEUER,-307.79,-1498.22,0.00
LB,ODS4P365.DWG,FEUER,-305.31,-1501.76,0.00
LB,ODS4P365.DWG,FEUER,-310.18,-1501.76,0.00
LB,ODS4P365.DWG,FEUER,-340.69,-1505.30,0.00
LB,ODS4P364.DWG,FEUER,-454.00,-1514.00,0.00
LB,ODS4P364.DWG,FEUER,-450.00,-1514.00,0.00
LB,ODS4P364.DWG,FEUER,-458.00,-1514.00,0.00
LB,ODS4P364.DWG,FEUER,-460.00,-1510.00,0.00
LB,ODS4P364.DWG,FEUER,-460.00,-1516.00,0.00
LB,ODS4P364.DWG,FEUER,-432.00,-1500.00,0.00
LB,ODS4P364.DWG,FEUER,-430.00,-1502.00,0.00
LB,ODS4P364.DWG,FEUER,-456.00,-1510.00,0.00
LB,ODS4P364.DWG,FEUER,-452.00,-1516.00,0.00
LB,ODS4P364.DWG,FEUER,-456.00,-1516.00,0.00
LB,ODS4P364.DWG,FEUER,-460.00,-1504.00,0.00
LB,ODS4P364.DWG,FEUER,-452.00,-1588.00,0.00
LB,ODS4P364.DWG,FEUER,-460.00,-1490.00,0.00
LB,ODS4P364.DWG,FEUER,-456.00,-1588.00,0.00
LB,ODS4P364.DWG,FEUER,-454.00,-1584.00,0.00
LB,ODS4P364.DWG,FEUER,-456.00,-1580.00,0.00
LB,ODS4P364.DWG,FEUER,-458.00,-1494.00,0.00
LB,ODS4P364.DWG,FEUER,-460.00,-1498.00,0.00
LB,ODS4P364.DWG,FEUER,-448.00,-1490.00,0.00
LB,ODS4P364.DWG,FEUER,-456.00,-1490.00,0.00
LB,ODS4P364.DWG,FEUER,-452.00,-1490.00,0.00
LB,ODS4P364.DWG,FEUER,-432.00,-1504.00,0.00
LB,ODS4P365.DWG,FEUER,-344.17,-1516.66,0.00
LB,ODS4P365.DWG,FEUER,-339.90,-1516.48,0.00
LB,ODS4P365.DWG,FEUER,-343.08,-1519.74,0.00
LB,ODS4P364.DWG,FEUER,-430.00,-1474.00,0.00
LB,ODS4P365.DWG,FEUER,-346.36,-1519.74,0.00
LB,ODS4P365.DWG,FEUER,-339.20,-1510.33,0.00
LB,ODS4P365.DWG,FEUER,-343.48,-1508.56,0.00
LB,ODS4P365.DWG,FEUER,-334.53,-1517.69,0.00
LB,ODS4P365.DWG,FEUER,-341.79,-1514.06,0.00
LB,ODS4P365.DWG,FEUER,-337.12,-1514.71,0.00
LB,ODS4P364.DWG,FEUER,-422.00,-1474.00,0.00
LB,ODS4P364.DWG,FEUER,-432.00,-1478.00,0.00
LB,ODS4P364.DWG,FEUER,-428.00,-1478.00,0.00
LB,ODS4P364.DWG,FEUER,-436.00,-1504.00,0.00
LB,ODS4P364.DWG,FEUER,-428.00,-1504.00,0.00
LB,ODS4P364.DWG,FEUER,-430.00,-1506.00,0.00
LB,ODS4P364.DWG,FEUER,-426.00,-1480.00,0.00
LB,ODS4P364.DWG,FEUER,-426.00,-1476.00,0.00
LB,ODS4P364.DWG,FEUER,-422.00,-1482.00,0.00
LB,ODS4P364.DWG,FEUER,-424.00,-1478.00,0.00
LB,ODS4P364.DWG,FEUER,-420.00,-1478.00,0.00
RL,OS3P3117.DWG,FEUER,334.81,-1860.36,0.00
RL,OS3P3117.DWG,FEUER,334.22,-1863.28,0.00
RL,OS3P3117.DWG,FEUER,333.77,-1865.92,0.00
RL,OS3P3117.DWG,FEUER,330.07,-1835.36,0.00
RL,OS3P3117.DWG,FEUER,328.29,-1876.61,0.00
RL,OS3P3117.DWG,FEUER,333.92,-1841.20,0.00
RL,OS3P3117.DWG,FEUER,326.36,-1847.72,0.00
RL,OS3P3117.DWG,FEUER,334.36,-1868.55,0.00
RL,OS3P3117.DWG,FEUER,335.99,-1870.36,0.00
RL,OS3P3117.DWG,FEUER,336.29,-1872.58,0.00
RL,OS3P3117.DWG,FEUER,337.18,-1874.94,0.00
RL,OS3P3117.DWG,FEUER,335.99,-1867.72,0.00
RL,OS3P3117.DWG,FEUER,337.18,-1860.78,0.00
RL,OS3P3117.DWG,FEUER,336.73,-1863.00,0.00
RL,OS3P3117.DWG,FEUER,336.14,-1865.50,0.00
RL,OS3P4120.DWG,FEUER,340.05,-1867.61,0.00
RL,OS3P4120.DWG,FEUER,339.94,-1865.64,0.00
RL,OS3P4120.DWG,FEUER,339.88,-1863.46,0.00
RL,OS3P4120.DWG,FEUER,339.99,-1869.73,0.00
RL,OS3P4120.DWG,FEUER,337.56,-1862.37,0.00
RL,OS3P4120.DWG,FEUER,337.50,-1865.69,0.00
RL,OS3P4120.DWG,FEUER,337.50,-1868.44,0.00
RL,OS3P4120.DWG,FEUER,339.77,-1860.97,0.00
RL,OS3P3117.DWG,FEUER,331.99,-1811.20,0.00
RL,OS3P3117.DWG,FEUER,338.22,-1819.67,0.00
RL,OS3P3117.DWG,FEUER,337.03,-1885.22,0.00
RL,OS3P3117.DWG,FEUER,334.96,-1801.34,0.00
RL,OS3P4120.DWG,FEUER,339.83,-1858.53,0.00
RL,OS3P4120.DWG,FEUER,339.88,-1856.36,0.00
RL,OS3P3117.DWG,FEUER,329.62,-1827.31,0.00
RL,OS3P2107.DWG,FEUER,362.58,-1909.49,0.00
RL,OS3P1110.DWG,FEUER,349.96,-1879.67,0.00
RL,OS3P1110.DWG,FEUER,379.97,-1881.83,0.00
RL,OS3P2107.DWG,FEUER,359.42,-1908.17,0.00
RL,OS3P2107.DWG,FEUER,340.15,-1874.94,0.00
RL,OS3P2107.DWG,FEUER,345.51,-1881.78,0.00
RL,OS3P2107.DWG,FEUER,346.63,-1885.25,0.00
RL,OS3P1110.DWG,FEUER,382.72,-1885.66,0.00
RL,OS3P1110.DWG,FEUER,354.49,-1879.42,0.00
RL,OS3P1110.DWG,FEUER,348.64,-1874.32,0.00
RL,OS3P1110.DWG,FEUER,348.92,-1905.40,0.00
RL,OS3P1110.DWG,FEUER,355.93,-1868.01,0.00
RL,OS3P1110.DWG,FEUER,362.74,-1821.75,0.00
RL,OS3P1110.DWG,FEUER,382.64,-1849.18,0.00
RL,OS3P1110.DWG,FEUER,378.76,-1857.33,0.00
RL,OS3P2107.DWG,FEUER,347.43,-1808.58,0.00
RL,OS3P2107.DWG,FEUER,349.73,-1805.16,0.00
RL,OS3P2107.DWG,FEUER,340.91,-1803.42,0.00
RL,OS3P2107.DWG,FEUER,344.07,-1809.59,0.00
RL,OS3P3117.DWG,FEUER,337.48,-1876.61,0.00
RL,OS3P2107.DWG,FEUER,368.30,-1807.87,0.00
RL,OS3P2107.DWG,FEUER,354.84,-1794.75,0.00
RL,OS3P2107.DWG,FEUER,340.45,-1806.73,0.00
RL,OS3P2107.DWG,FEUER,352.61,-1861.94,0.00
RL,OS3P2107.DWG,FEUER,349.19,-1861.28,0.00
RL,OS3P2107.DWG,FEUER,349.55,-1864.29,0.00
RL,OS3P2107.DWG,FEUER,352.06,-1842.86,0.00
RL,OS3P2107.DWG,FEUER,378.33,-1850.43,0.00
RL,OS3P2107.DWG,FEUER,373.94,-1849.71,0.00
RL,OS3P2107.DWG,FEUER,357.31,-1844.39,0.00
RL,OS3P4120.DWG,FEUER,337.52,-1859.41,0.00
RL,OS5P4103.DWG,FEUER,403.70,-1914.12,0.00
RL,OS5P4103.DWG,FEUER,391.90,-1924.90,0.00
RL,OS5P4103.DWG,FEUER,390.51,-1932.94,0.00
RL,OS5P4103.DWG,FEUER,409.49,-1923.66,0.00
RL,OS5P4103.DWG,FEUER,400.09,-1925.48,0.00
RL,OS5P4103.DWG,FEUER,403.34,-1924.65,0.00
RL,OS5P4103.DWG,FEUER,406.44,-1924.23,0.00
RL,OS5P3102.DWG,FEUER,384.36,-1799.90,0.00
RL,OS5P3102.DWG,FEUER,354.22,-1857.52,0.00
RL,OS5P3102.DWG,FEUER,343.80,-1875.64,0.00
RL,OS5P3102.DWG,FEUER,347.62,-1877.18,0.00
RL,OS5P3102.DWG,FEUER,356.66,-1858.49,0.00
RL,OS5P3102.DWG,FEUER,387.36,-1801.43,0.00
RL,OS5P3102.DWG,FEUER,387.16,-1799.19,0.00
RL,OS5P3102.DWG,FEUER,384.15,-1873.82,0.00
RL,OS5P4103.DWG,FEUER,408.61,-1920.96,0.00
RL,OS5P4103.DWG,FEUER,406.17,-1921.64,0.00
RL,OS5P4103.DWG,FEUER,403.43,-1921.85,0.00
RL,OS5P4103.DWG,FEUER,395.99,-1918.07,0.00
RL,OS5P4103.DWG,FEUER,397.85,-1914.70,0.00
RL,OS5P4103.DWG,FEUER,405.90,-1916.81,0.00
RL,OS5P4103.DWG,FEUER,401.07,-1918.40,0.00
RL,OS5P4103.DWG,FEUER,399.92,-1922.68,0.00
RL,OS5P4103.DWG,FEUER,392.78,-1929.52,0.00
RL,OS5P4103.DWG,FEUER,394.91,-1927.53,0.00
RL,OS5P4103.DWG,FEUER,397.34,-1926.30,0.00
RL,OS5P4103.DWG,FEUER,390.49,-1929.53,0.00
RL,OS5P4103.DWG,FEUER,397.38,-1923.61,0.00
RL,OS5P4103.DWG,FEUER,394.64,-1924.99,0.00
RL,OS5P4103.DWG,FEUER,392.26,-1926.98,0.00
RL,OS5P3102.DWG,FEUER,370.86,-1902.43,0.00
RL,OS5P3102.DWG,FEUER,371.47,-1904.72,0.00
RL,OS5P3102.DWG,FEUER,372.54,-1906.81,0.00
RL,OS5P3102.DWG,FEUER,372.09,-1900.39,0.00
RL,OS5P3102.DWG,FEUER,345.32,-1878.19,0.00
RL,OS5P3102.DWG,FEUER,362.52,-1894.01,0.00
RL,OS5P3102.DWG,FEUER,365.52,-1896.36,0.00
RL,OS5P3102.DWG,FEUER,378.63,-1917.06,0.00
RL,OS5P3102.DWG,FEUER,381.95,-1916.66,0.00
RL,OS5P3102.DWG,FEUER,379.61,-1915.02,0.00
RL,OS5P3102.DWG,FEUER,388.51,-1920.23,0.00
RL,OS5P3102.DWG,FEUER,384.95,-1918.34,0.00
RL,OS5P3102.DWG,FEUER,381.03,-1918.64,0.00
RL,OS5P3102.DWG,FEUER,384.59,-1920.48,0.00
RL,OS5P3102.DWG,FEUER,387.34,-1922.32,0.00
RL,OS5P3102.DWG,FEUER,358.40,-1888.55,0.00
RL,OS5P3102.DWG,FEUER,360.54,-1890.19,0.00
RL,OS5P3102.DWG,FEUER,362.68,-1891.82,0.00
RL,OS5P3102.DWG,FEUER,356.06,-1886.61,0.00
RL,OS5P3102.DWG,FEUER,349.50,-1879.68,0.00
RL,OS5P3102.DWG,FEUER,351.94,-1882.33,0.00
RL,OS5P3102.DWG,FEUER,354.08,-1884.78,0.00
RL,OS5P3102.DWG,FEUER,365.17,-1894.27,0.00
RL,OS5P3102.DWG,FEUER,351.83,-1885.08,0.00
RL,OS5P3102.DWG,FEUER,349.65,-1882.83,0.00
RL,OS5P3102.DWG,FEUER,347.41,-1880.49,0.00
RL,OS5P3102.DWG,FEUER,353.82,-1887.32,0.00
RL,OS5P3102.DWG,FEUER,360.43,-1892.63,0.00
RL,OS5P3102.DWG,FEUER,358.24,-1890.90,0.00
RL,OS5P3102.DWG,FEUER,356.31,-1889.21,0.00
RL,OS3P1110.DWG,FEUER,363.54,-1910.36,0.00
RL,ODS5P398.DWG,FEUER,425.48,-1795.29,0.00
RL,ODS5P398.DWG,FEUER,427.93,-1793.19,0.00
RL,ODS5P398.DWG,FEUER,430.68,-1791.64,0.00
RL,ODS5P398.DWG,FEUER,427.04,-1789.77,0.00
RL,ODS5P398.DWG,FEUER,455.81,-1813.03,0.00
RL,ODS5P398.DWG,FEUER,414.92,-1788.04,0.00
RL,ODS5P398.DWG,FEUER,410.11,-1786.02,0.00
RL,ODS5P398.DWG,FEUER,421.90,-1793.37,0.00
RL,ODS5P398.DWG,FEUER,429.55,-1897.45,0.00
RL,ODS5P398.DWG,FEUER,431.21,-1892.38,0.00
RL,ODS5P398.DWG,FEUER,433.38,-1896.97,0.00
RL,ODS5P398.DWG,FEUER,431.76,-1899.64,0.00
RL,ODS5P398.DWG,FEUER,422.83,-1796.89,0.00
RL,ODS5P398.DWG,FEUER,431.50,-1887.89,0.00
RL,ODS5P398.DWG,FEUER,429.21,-1889.74,0.00
RL,ODS5P492.DWG,FEUER,388.66,-1909.17,0.00
RL,ODS5P492.DWG,FEUER,369.56,-1902.19,0.00
RL,ODS5P492.DWG,FEUER,362.69,-1891.74,0.00
RL,ODS5P492.DWG,FEUER,386.31,-1908.77,0.00
RL,ODS5P492.DWG,FEUER,377.56,-1906.06,0.00
RL,ODS5P492.DWG,FEUER,379.64,-1907.03,0.00
RL,ODS5P492.DWG,FEUER,383.00,-1908.10,0.00
RL,ODS5P492.DWG,FEUER,349.10,-1885.32,0.00
RL,ODS5P398.DWG,FEUER,474.57,-1783.20,0.00
RL,ODS5P398.DWG,FEUER,459.27,-1799.58,0.00
RL,ODS5P398.DWG,FEUER,475.66,-1818.40,0.00
RL,ODS5P398.DWG,FEUER,475.89,-1790.50,0.00
RL,ODS5P398.DWG,FEUER,416.64,-1889.34,0.00
RL,ODS5P398.DWG,FEUER,463.72,-1800.63,0.00
RL,ODS5P398.DWG,FEUER,482.44,-1815.66,0.00
RL,ODS5P286.DWG,FEUER,481.45,-1834.04,0.00
RL,ODS5P286.DWG,FEUER,475.90,-1831.04,0.00
RL,ODS5P286.DWG,FEUER,475.85,-1838.83,0.00
RL,ODS5P286.DWG,FEUER,497.64,-1838.48,0.00
RL,ODS5P286.DWG,FEUER,505.22,-1851.27,0.00
RL,ODS5P286.DWG,FEUER,497.94,-1851.57,0.00
RL,ODS5P286.DWG,FEUER,496.11,-1846.94,0.00
RL,ODS5P286.DWG,FEUER,433.20,-1801.73,0.00
RL,ODS5P286.DWG,FEUER,422.51,-1801.83,0.00
RL,ODS5P286.DWG,FEUER,412.64,-1792.86,0.00
RL,ODS5P286.DWG,FEUER,410.21,-1789.49,0.00
RL,ODS5P286.DWG,FEUER,425.36,-1802.90,0.00
RL,ODS5P286.DWG,FEUER,430.71,-1800.41,0.00
RL,ODS5P286.DWG,FEUER,432.54,-1806.57,0.00
RL,ODS5P286.DWG,FEUER,429.79,-1804.94,0.00
RL,ODS5P287.DWG,FEUER,426.36,-1928.30,0.00
RL,ODS5P287.DWG,FEUER,428.59,-1925.94,0.00
RL,ODS5P287.DWG,FEUER,426.00,-1925.87,0.00
RL,ODS5P287.DWG,FEUER,428.73,-1928.30,0.00
RL,ODS5P398.DWG,FEUER,434.87,-1899.77,0.00
RL,ODS5P398.DWG,FEUER,439.06,-1899.81,0.00
RL,ODS5P398.DWG,FEUER,442.43,-1899.69,0.00
RL,ODS5P287.DWG,FEUER,409.44,-1928.37,0.00
RL,ODS5P287.DWG,FEUER,395.84,-1926.55,0.00
RL,ODS5P287.DWG,FEUER,393.54,-1926.34,0.00
RL,ODS5P287.DWG,FEUER,393.46,-1928.44,0.00
RL,ODS5P287.DWG,FEUER,395.91,-1928.50,0.00
RL,ODS5P287.DWG,FEUER,409.44,-1926.34,0.00
RL,ODS5P287.DWG,FEUER,402.46,-1928.50,0.00
RL,ODS5P287.DWG,FEUER,402.39,-1926.41,0.00
RL,ODS5P492.DWG,FEUER,374.81,-1905.35,0.00
RL,ODS7P396.DWG,FEUER,435.59,-1924.82,0.00
RL,ODS7P396.DWG,FEUER,395.53,-1922.79,0.00
RL,ODS7P396.DWG,FEUER,398.08,-1922.89,0.00
RL,ODS7P396.DWG,FEUER,436.72,-1922.18,0.00
RL,ODS7P396.DWG,FEUER,440.60,-1924.55,0.00
RL,ODS7P396.DWG,FEUER,439.26,-1922.44,0.00
RL,ODS7P396.DWG,FEUER,438.15,-1924.76,0.00
RL,ODS7P396.DWG,FEUER,401.19,-1922.89,0.00
RL,ODS7P396.DWG,FEUER,415.09,-1924.53,0.00
RL,ODS7P396.DWG,FEUER,417.47,-1925.45,0.00
RL,ODS7P396.DWG,FEUER,415.09,-1926.98,0.00
RL,ODS7P396.DWG,FEUER,412.39,-1924.13,0.00
RL,ODS7P396.DWG,FEUER,404.05,-1923.00,0.00
RL,ODS7P396.DWG,FEUER,406.74,-1923.41,0.00
RL,ODS7P396.DWG,FEUER,409.29,-1923.51,0.00
RL,ODS7P396.DWG,FEUER,431.73,-1905.30,0.00
RL,ODS7P396.DWG,FEUER,437.83,-1900.98,0.00
RL,ODS7P396.DWG,FEUER,431.85,-1901.53,0.00
RL,OS3P1110.DWG,FEUER,360.00,-1936.95,0.00
RL,OS3P1110.DWG,FEUER,374.94,-1922.18,0.00
RL,OS3P1110.DWG,FEUER,379.88,-1927.64,0.00
RL,OS3P1110.DWG,FEUER,369.28,-1924.98,0.00
RL,ODS7P396.DWG,FEUER,435.43,-1903.95,0.00
RL,ODS7P396.DWG,FEUER,443.43,-1920.42,0.00
RL,ODS7P396.DWG,FEUER,443.34,-1917.21,0.00
RL,ODS7P396.DWG,FEUER,439.49,-1918.26,0.00
RL,ODS7P396.DWG,FEUER,441.23,-1910.23,0.00
RL,ODS7P396.DWG,FEUER,440.58,-1903.94,0.00
RL,ODS7P396.DWG,FEUER,438.53,-1906.86,0.00
RL,ODS7P396.DWG,FEUER,442.87,-1906.74,0.00
RL,ODS5P492.DWG,FEUER,354.60,-1885.93,0.00
RL,ODS5P492.DWG,FEUER,351.70,-1884.35,0.00
RL,ODS5P492.DWG,FEUER,349.41,-1882.72,0.00
RL,ODS5P492.DWG,FEUER,357.86,-1887.11,0.00
RL,ODS5P492.DWG,FEUER,364.78,-1892.61,0.00
RL,ODS5P492.DWG,FEUER,362.80,-1889.45,0.00
RL,ODS5P492.DWG,FEUER,360.10,-1888.18,0.00
RL,ODS5P492.DWG,FEUER,351.95,-1887.05,0.00
RL,ODS5P492.DWG,FEUER,365.75,-1897.65,0.00
RL,ODS5P492.DWG,FEUER,367.37,-1900.05,0.00
RL,ODS5P492.DWG,FEUER,372.01,-1904.12,0.00
RL,ODS5P492.DWG,FEUER,364.27,-1895.05,0.00
RL,ODS5P492.DWG,FEUER,354.95,-1888.48,0.00
RL,ODS5P492.DWG,FEUER,357.50,-1889.60,0.00
RL,ODS5P492.DWG,FEUER,359.94,-1890.67,0.00
RL,ODS7P396.DWG,FEUER,401.14,-1925.55,0.00
RL,ODS7P396.DWG,FEUER,398.14,-1925.23,0.00
RL,ODS7P396.DWG,FEUER,395.58,-1925.44,0.00
RL,ODS7P396.DWG,FEUER,403.84,-1925.75,0.00
RL,ODS7P396.DWG,FEUER,412.49,-1926.93,0.00
RL,ODS7P396.DWG,FEUER,409.24,-1926.41,0.00
RL,ODS7P396.DWG,FEUER,406.69,-1926.11,0.00
RL,ODS5P492.DWG,FEUER,382.80,-1905.76,0.00
RL,ODS5P492.DWG,FEUER,370.33,-1899.59,0.00
RL,ODS5P492.DWG,FEUER,367.78,-1897.50,0.00
RL,ODS5P492.DWG,FEUER,366.46,-1895.00,0.00
RL,ODS5P492.DWG,FEUER,372.77,-1901.48,0.00
RL,ODS5P492.DWG,FEUER,380.41,-1904.69,0.00
RL,ODS5P492.DWG,FEUER,378.07,-1903.46,0.00
RL,ODS5P492.DWG,FEUER,375.06,-1902.60,0.00
